customer_id,order_date,recency_days,frequency,monetary,R_score,F_score,M_score,RFM_score,segment
CUST00001,2025-06-15,107,6,2955.57,2,2,4,8,Potential Loyalists
CUST00002,2025-08-21,40,1,581.0,4,1,1,6,At Risk
CUST00003,2025-04-12,171,1,649.98,1,1,1,3,Lost Customers
CUST00004,2025-05-22,131,1,1604.04,2,1,3,6,At Risk
CUST00005,2025-08-23,38,4,2550.91,4,1,3,8,Potential Loyalists
CUST00006,2025-08-10,51,5,3770.16,3,2,4,9,Potential Loyalists
CUST00007,2025-09-27,3,1,719.33,5,1,1,7,At Risk
CUST00008,2025-08-14,47,4,2747.33,3,1,4,8,Potential Loyalists
CUST00009,2025-08-30,31,1,376.85,4,1,1,6,At Risk
CUST00010,2025-09-21,9,1,636.8,5,1,1,7,At Risk
CUST00011,2025-09-29,1,2,925.0699999999999,5,1,2,8,Potential Loyalists
CUST00012,2025-08-11,50,2,2051.63,3,1,3,7,At Risk
CUST00013,2025-07-31,61,3,1754.44,3,1,3,7,At Risk
CUST00014,2025-08-10,51,11,8130.16,3,4,5,12,Loyal Customers
CUST00015,2025-08-26,35,4,4200.93,4,1,5,10,Loyal Customers
CUST00016,2025-02-27,215,1,478.02,1,1,1,3,Lost Customers
CUST00017,2024-12-18,286,3,1699.1399999999999,1,1,3,5,Lost Customers
CUST00018,2025-06-11,111,1,329.21,2,1,1,4,Lost Customers
CUST00019,2025-09-21,9,2,1598.93,5,1,3,9,Potential Loyalists
CUST00020,2024-09-27,368,3,4487.950000000001,1,1,5,7,At Risk
CUST00021,2025-07-15,77,2,1059.3,3,1,2,6,At Risk
CUST00022,2025-09-01,29,1,454.06,4,1,1,6,At Risk
CUST00023,2025-09-09,21,1,400.98,4,1,1,6,At Risk
CUST00024,2025-09-26,4,1,481.35,5,1,1,7,At Risk
CUST00025,2025-04-18,165,7,4868.86,1,2,5,8,Potential Loyalists
CUST00026,2025-07-20,72,3,3561.3900000000003,3,1,4,8,Potential Loyalists
CUST00027,2025-07-22,70,1,2128.34,3,1,3,7,At Risk
CUST00028,2025-07-09,83,2,1489.7800000000002,3,1,2,6,At Risk
CUST00029,2025-09-12,18,8,5252.9,5,3,5,13,Champions
CUST00030,2025-09-25,5,6,3435.5899999999997,5,2,4,11,Loyal Customers
CUST00031,2025-08-12,49,1,672.95,3,1,1,5,Lost Customers
CUST00032,2025-08-28,33,3,1948.75,4,1,3,8,Potential Loyalists
CUST00033,2025-09-18,12,4,2128.09,5,1,3,9,Potential Loyalists
CUST00034,2025-08-11,50,6,3353.01,3,2,4,9,Potential Loyalists
CUST00035,2025-05-26,127,3,1369.71,2,1,2,5,Lost Customers
CUST00036,2025-09-03,27,4,1737.33,4,1,3,8,Potential Loyalists
CUST00037,2025-06-20,102,1,435.83,2,1,1,4,Lost Customers
CUST00038,2025-08-10,51,4,2104.61,3,1,3,7,At Risk
CUST00039,2025-09-15,15,3,1598.49,5,1,3,9,Potential Loyalists
CUST00040,2025-04-29,154,1,634.73,1,1,1,3,Lost Customers
CUST00041,2025-08-07,54,4,1911.8600000000001,3,1,3,7,At Risk
CUST00042,2025-07-05,87,9,7523.74,2,3,5,10,Loyal Customers
CUST00043,2025-09-06,24,1,363.01,4,1,1,6,At Risk
CUST00044,2025-07-20,72,3,2724.09,3,1,4,8,Potential Loyalists
CUST00045,2025-06-26,96,1,413.75,2,1,1,4,Lost Customers
CUST00046,2025-05-26,127,1,489.87,2,1,1,4,Lost Customers
CUST00047,2025-03-10,204,1,764.43,1,1,1,3,Lost Customers
CUST00048,2025-07-31,61,4,2450.45,3,1,3,7,At Risk
CUST00049,2025-09-22,8,1,380.83,5,1,1,7,At Risk
CUST00050,2025-09-30,0,3,2466.39,5,1,3,9,Potential Loyalists
CUST00051,2025-03-04,210,4,4444.3,1,1,5,7,At Risk
CUST00052,2025-08-06,55,3,2807.14,3,1,4,8,Potential Loyalists
CUST00053,2025-09-05,25,4,4192.59,4,1,5,10,Loyal Customers
CUST00054,2025-09-24,6,1,489.85,5,1,1,7,At Risk
CUST00055,2025-09-27,3,3,1308.35,5,1,2,8,Potential Loyalists
CUST00056,2025-09-21,9,4,3530.41,5,1,4,10,Loyal Customers
CUST00057,2025-05-17,136,2,2510.83,2,1,3,6,At Risk
CUST00058,2025-08-19,42,4,2451.54,4,1,3,8,Potential Loyalists
CUST00059,2025-09-28,2,3,2852.63,5,1,4,10,Loyal Customers
CUST00060,2025-05-08,145,1,293.22,2,1,1,4,Lost Customers
CUST00061,2025-09-16,14,4,1966.0900000000001,5,1,3,9,Potential Loyalists
CUST00062,2025-09-09,21,4,2805.19,4,1,4,9,Potential Loyalists
CUST00063,2025-02-26,216,1,397.69,1,1,1,3,Lost Customers
CUST00064,2025-09-28,2,1,654.93,5,1,1,7,At Risk
CUST00065,2025-09-24,6,1,1911.67,5,1,3,9,Potential Loyalists
CUST00066,2024-11-14,320,5,4598.95,1,2,5,8,Potential Loyalists
CUST00067,2025-07-29,63,2,1246.44,3,1,2,6,At Risk
CUST00068,2024-10-19,346,3,2123.66,1,1,3,5,Lost Customers
CUST00069,2025-09-01,29,2,874.47,4,1,2,7,At Risk
CUST00070,2025-08-23,38,1,542.98,4,1,1,6,At Risk
CUST00071,2025-08-29,32,1,2062.5,4,1,3,8,Potential Loyalists
CUST00072,2025-07-02,90,4,2587.02,2,1,4,7,At Risk
CUST00073,2025-09-22,8,5,4077.07,5,2,5,12,Loyal Customers
CUST00074,2025-09-23,7,4,2523.65,5,1,3,9,Potential Loyalists
CUST00075,2025-09-27,3,9,6791.61,5,3,5,13,Champions
CUST00076,2025-09-10,20,2,1385.27,5,1,2,8,Potential Loyalists
CUST00077,2025-06-13,109,1,394.32,2,1,1,4,Lost Customers
CUST00078,2025-05-14,139,1,894.45,2,1,2,5,Lost Customers
CUST00079,2025-03-23,191,1,619.57,1,1,1,3,Lost Customers
CUST00080,2025-08-11,50,3,2563.41,3,1,4,8,Potential Loyalists
CUST00081,2025-09-11,19,8,5311.16,5,3,5,13,Champions
CUST00082,2025-01-19,254,3,1671.25,1,1,3,5,Lost Customers
CUST00083,2025-07-03,89,2,806.87,2,1,2,5,Lost Customers
CUST00084,2025-04-16,167,1,1273.18,1,1,2,4,Lost Customers
CUST00085,2025-09-16,14,1,1257.8,5,1,2,8,Potential Loyalists
CUST00086,2025-09-09,21,5,2195.41,4,2,3,9,Potential Loyalists
CUST00087,2025-08-17,44,1,933.58,4,1,2,7,At Risk
CUST00088,2025-06-24,98,12,6774.5,2,4,5,11,Loyal Customers
CUST00089,2025-04-18,165,2,2825.75,1,1,4,6,At Risk
CUST00090,2025-07-12,80,4,1966.31,3,1,3,7,At Risk
CUST00091,2025-07-02,90,4,3726.87,2,1,4,7,At Risk
CUST00092,2025-09-09,21,1,430.85,4,1,1,6,At Risk
CUST00093,2025-07-07,85,1,759.64,3,1,1,5,Lost Customers
CUST00094,2025-03-31,183,4,3557.43,1,1,4,6,At Risk
CUST00095,2025-07-27,65,1,372.65,3,1,1,5,Lost Customers
CUST00096,2025-07-31,61,3,1563.75,3,1,3,7,At Risk
CUST00097,2025-09-29,1,7,4703.46,5,2,5,12,Loyal Customers
CUST00098,2025-03-30,184,2,1843.57,1,1,3,5,Lost Customers
CUST00099,2025-05-09,144,5,3410.87,2,2,4,8,Potential Loyalists
CUST00100,2025-07-22,70,1,372.37,3,1,1,5,Lost Customers
CUST00101,2025-06-14,108,5,3514.87,2,2,4,8,Potential Loyalists
CUST00102,2025-07-09,83,1,732.65,3,1,1,5,Lost Customers
CUST00103,2025-09-09,21,1,1469.96,4,1,2,7,At Risk
CUST00104,2025-06-29,93,1,955.63,2,1,2,5,Lost Customers
CUST00105,2025-08-15,46,1,2052.43,4,1,3,8,Potential Loyalists
CUST00106,2025-07-31,61,7,4352.11,3,2,5,10,Loyal Customers
CUST00107,2025-09-18,12,3,3548.15,5,1,4,10,Loyal Customers
CUST00108,2025-08-17,44,1,1074.5,4,1,2,7,At Risk
CUST00109,2025-06-30,92,5,3837.05,2,2,4,8,Potential Loyalists
CUST00110,2025-08-26,35,6,3922.07,4,2,4,10,Loyal Customers
CUST00111,2025-04-05,178,1,1135.09,1,1,2,4,Lost Customers
CUST00112,2025-09-30,0,8,5576.25,5,3,5,13,Champions
CUST00113,2025-09-02,28,2,1601.31,4,1,3,8,Potential Loyalists
CUST00114,2025-02-03,239,6,5133.53,1,2,5,8,Potential Loyalists
CUST00115,2025-04-24,159,1,596.54,1,1,1,3,Lost Customers
CUST00116,2025-05-10,143,6,5635.9,2,2,5,9,Potential Loyalists
CUST00117,2025-05-30,123,4,2534.33,2,1,3,6,At Risk
CUST00118,2025-09-03,27,1,689.56,4,1,1,6,At Risk
CUST00119,2025-07-23,69,3,2848.36,3,1,4,8,Potential Loyalists
CUST00120,2025-09-04,26,1,261.95,4,1,1,6,At Risk
CUST00121,2025-09-03,27,2,2496.0299999999997,4,1,3,8,Potential Loyalists
CUST00122,2025-06-16,106,2,2048.93,2,1,3,6,At Risk
CUST00123,2025-06-20,102,6,2989.07,2,2,4,8,Potential Loyalists
CUST00124,2025-03-20,194,4,2570.5,1,1,4,6,At Risk
CUST00125,2025-09-22,8,2,1698.4,5,1,3,9,Potential Loyalists
CUST00126,2025-08-04,57,2,1260.02,3,1,2,6,At Risk
CUST00127,2025-09-06,24,2,729.55,4,1,1,6,At Risk
CUST00128,2025-09-11,19,2,1716.68,5,1,3,9,Potential Loyalists
CUST00129,2025-07-09,83,3,3369.08,3,1,4,8,Potential Loyalists
CUST00130,2025-07-04,88,1,1272.47,2,1,2,5,Lost Customers
CUST00131,2025-07-25,67,6,6830.01,3,2,5,10,Loyal Customers
CUST00132,2025-06-05,117,5,4876.780000000001,2,2,5,9,Potential Loyalists
CUST00133,2025-08-07,54,8,5982.58,3,3,5,11,Loyal Customers
CUST00134,2025-08-26,35,5,4075.34,4,2,5,11,Loyal Customers
CUST00135,2024-11-01,333,4,2534.18,1,1,3,5,Lost Customers
CUST00136,2025-07-21,71,1,514.9,3,1,1,5,Lost Customers
CUST00137,2025-04-06,177,2,1035.87,1,1,2,4,Lost Customers
CUST00138,2025-07-31,61,1,905.11,3,1,2,6,At Risk
CUST00139,2025-09-02,28,2,1715.4,4,1,3,8,Potential Loyalists
CUST00140,2025-09-24,6,4,3768.34,5,1,4,10,Loyal Customers
CUST00141,2025-09-02,28,1,647.85,4,1,1,6,At Risk
CUST00142,2025-04-14,169,5,1880.0,1,2,3,6,At Risk
CUST00143,2025-08-29,32,6,7407.96,4,2,5,11,Loyal Customers
CUST00144,2025-07-06,86,9,6186.54,2,3,5,10,Loyal Customers
CUST00145,2025-08-31,30,1,502.35,4,1,1,6,At Risk
CUST00146,2025-06-14,108,5,5942.68,2,2,5,9,Potential Loyalists
CUST00147,2025-07-08,84,3,2809.3199999999997,3,1,4,8,Potential Loyalists
CUST00148,2025-09-26,4,4,3013.01,5,1,4,10,Loyal Customers
CUST00149,2025-09-22,8,1,787.94,5,1,2,8,Potential Loyalists
CUST00150,2025-08-16,45,3,1355.63,4,1,2,7,At Risk
CUST00151,2025-07-30,62,7,5530.69,3,2,5,10,Loyal Customers
CUST00152,2025-08-15,46,7,4989.280000000001,4,2,5,11,Loyal Customers
CUST00153,2025-09-27,3,1,977.12,5,1,2,8,Potential Loyalists
CUST00154,2025-09-20,10,8,7145.24,5,3,5,13,Champions
CUST00155,2025-09-28,2,3,2024.8,5,1,3,9,Potential Loyalists
CUST00156,2025-08-27,34,2,4241.75,4,1,5,10,Loyal Customers
CUST00157,2025-09-30,0,5,2269.91,5,2,3,10,Loyal Customers
CUST00158,2025-04-28,155,1,812.34,1,1,2,4,Lost Customers
CUST00159,2024-06-13,474,2,3713.77,1,1,4,6,At Risk
CUST00160,2025-04-06,177,2,1064.66,1,1,2,4,Lost Customers
CUST00161,2025-09-10,20,4,4490.9,5,1,5,11,Loyal Customers
CUST00162,2025-07-01,91,2,1194.5900000000001,2,1,2,5,Lost Customers
CUST00163,2025-07-22,70,1,275.41,3,1,1,5,Lost Customers
CUST00164,2025-02-20,222,5,4657.03,1,2,5,8,Potential Loyalists
CUST00165,2025-06-19,103,3,1825.77,2,1,3,6,At Risk
CUST00166,2025-09-15,15,1,1269.41,5,1,2,8,Potential Loyalists
CUST00167,2025-02-23,219,1,423.24,1,1,1,3,Lost Customers
CUST00168,2025-07-07,85,4,4159.16,3,1,5,9,Potential Loyalists
CUST00169,2025-02-20,222,1,1799.45,1,1,3,5,Lost Customers
CUST00170,2025-09-21,9,10,6759.48,5,3,5,13,Champions
CUST00171,2025-09-18,12,1,1077.78,5,1,2,8,Potential Loyalists
CUST00172,2025-09-22,8,7,4910.65,5,2,5,12,Loyal Customers
CUST00173,2025-07-13,79,5,1431.69,3,2,2,7,At Risk
CUST00174,2025-07-06,86,6,2361.28,2,2,3,7,At Risk
CUST00175,2025-08-02,59,4,3568.3199999999997,3,1,4,8,Potential Loyalists
CUST00176,2025-08-24,37,3,3830.31,4,1,4,9,Potential Loyalists
CUST00177,2025-07-10,82,2,1003.66,3,1,2,6,At Risk
CUST00178,2025-09-25,5,8,5602.76,5,3,5,13,Champions
CUST00179,2025-08-23,38,3,1585.62,4,1,3,8,Potential Loyalists
CUST00180,2025-06-26,96,2,1570.85,2,1,3,6,At Risk
CUST00181,2025-09-24,6,1,1107.73,5,1,2,8,Potential Loyalists
CUST00182,2025-08-30,31,1,305.3,4,1,1,6,At Risk
CUST00183,2025-05-01,152,3,3246.8900000000003,1,1,4,6,At Risk
CUST00184,2025-09-16,14,5,5072.85,5,2,5,12,Loyal Customers
CUST00185,2025-06-08,114,7,4179.18,2,2,5,9,Potential Loyalists
CUST00186,2025-08-20,41,1,714.65,4,1,1,6,At Risk
CUST00187,2025-05-04,149,3,1344.75,1,1,2,4,Lost Customers
CUST00188,2025-09-01,29,7,5810.17,4,2,5,11,Loyal Customers
CUST00189,2025-05-13,140,9,5900.65,2,3,5,10,Loyal Customers
CUST00190,2025-09-24,6,1,482.88,5,1,1,7,At Risk
CUST00191,2025-09-02,28,1,149.0,4,1,1,6,At Risk
CUST00192,2025-08-06,55,3,2263.95,3,1,3,7,At Risk
CUST00193,2025-04-26,157,1,424.74,1,1,1,3,Lost Customers
CUST00194,2025-07-12,80,5,3878.09,3,2,4,9,Potential Loyalists
CUST00195,2025-09-07,23,1,654.27,4,1,1,6,At Risk
CUST00196,2025-09-06,24,2,1272.38,4,1,2,7,At Risk
CUST00197,2025-09-15,15,9,8552.59,5,3,5,13,Champions
CUST00198,2025-08-24,37,9,7595.96,4,3,5,12,Loyal Customers
CUST00199,2025-09-24,6,4,3273.56,5,1,4,10,Loyal Customers
CUST00200,2025-09-15,15,6,6239.45,5,2,5,12,Loyal Customers
CUST00201,2025-06-29,93,7,6691.56,2,2,5,9,Potential Loyalists
CUST00202,2025-05-12,141,1,1220.26,2,1,2,5,Lost Customers
CUST00203,2025-06-08,114,2,743.3499999999999,2,1,1,4,Lost Customers
CUST00204,2025-08-19,42,5,2706.75,4,2,4,10,Loyal Customers
CUST00205,2025-08-31,30,5,3202.69,4,2,4,10,Loyal Customers
CUST00206,2025-06-04,118,10,6479.7,2,3,5,10,Loyal Customers
CUST00207,2025-09-12,18,1,193.1,5,1,1,7,At Risk
CUST00208,2025-07-01,91,6,6865.35,2,2,5,9,Potential Loyalists
CUST00209,2024-12-25,279,5,3422.88,1,2,4,7,At Risk
CUST00210,2025-05-25,128,2,1254.8700000000001,2,1,2,5,Lost Customers
CUST00211,2025-07-02,90,5,27215.920000000002,2,2,5,9,Potential Loyalists
CUST00212,2025-03-10,204,3,2071.6800000000003,1,1,3,5,Lost Customers
CUST00213,2025-07-06,86,2,1680.61,2,1,3,6,At Risk
CUST00214,2025-07-28,64,1,1427.16,3,1,2,6,At Risk
CUST00215,2025-08-27,34,3,1564.1,4,1,3,8,Potential Loyalists
CUST00216,2025-08-13,48,1,1349.42,3,1,2,6,At Risk
CUST00217,2025-07-13,79,3,1179.94,3,1,2,6,At Risk
CUST00218,2025-09-07,23,2,1492.68,4,1,2,7,At Risk
CUST00219,2025-04-29,154,6,2782.79,1,2,4,7,At Risk
CUST00220,2025-09-05,25,3,1450.4099999999999,4,1,2,7,At Risk
CUST00221,2025-09-23,7,2,781.03,5,1,2,8,Potential Loyalists
CUST00222,2025-03-28,186,2,1259.5,1,1,2,4,Lost Customers
CUST00223,2025-06-19,103,1,757.58,2,1,1,4,Lost Customers
CUST00224,2025-07-03,89,2,1839.95,2,1,3,6,At Risk
CUST00225,2025-07-04,88,3,3012.6,2,1,4,7,At Risk
CUST00226,2025-08-07,54,3,2345.42,3,1,3,7,At Risk
CUST00227,2025-04-30,153,6,4383.02,1,2,5,8,Potential Loyalists
CUST00228,2025-07-10,82,7,4150.72,3,2,5,10,Loyal Customers
CUST00229,2025-06-30,92,5,3077.41,2,2,4,8,Potential Loyalists
CUST00230,2025-08-24,37,8,7503.74,4,3,5,12,Loyal Customers
CUST00231,2025-09-07,23,3,1558.41,4,1,3,8,Potential Loyalists
CUST00232,2025-08-06,55,1,786.26,3,1,2,6,At Risk
CUST00233,2024-10-04,361,3,1626.9899999999998,1,1,3,5,Lost Customers
CUST00234,2025-09-13,17,4,2458.9700000000003,5,1,3,9,Potential Loyalists
CUST00235,2025-05-28,125,4,2278.82,2,1,3,6,At Risk
CUST00236,2025-07-30,62,1,782.89,3,1,2,6,At Risk
CUST00237,2025-09-15,15,4,3607.29,5,1,4,10,Loyal Customers
CUST00238,2025-07-14,78,2,2181.78,3,1,3,7,At Risk
CUST00239,2024-11-14,320,1,208.1,1,1,1,3,Lost Customers
CUST00240,2025-08-05,56,2,2277.31,3,1,3,7,At Risk
CUST00241,2025-09-24,6,3,3041.48,5,1,4,10,Loyal Customers
CUST00242,2025-07-10,82,6,3655.25,3,2,4,9,Potential Loyalists
CUST00243,2025-07-23,69,4,3129.06,3,1,4,8,Potential Loyalists
CUST00244,2025-05-09,144,2,2449.86,2,1,3,6,At Risk
CUST00245,2025-07-19,73,2,1245.78,3,1,2,6,At Risk
CUST00246,2025-08-09,52,3,1985.72,3,1,3,7,At Risk
CUST00247,2025-08-04,57,11,5611.35,3,4,5,12,Loyal Customers
CUST00248,2025-07-21,71,7,4187.5599999999995,3,2,5,10,Loyal Customers
CUST00249,2025-04-21,162,3,1761.46,1,1,3,5,Lost Customers
CUST00250,2025-08-26,35,1,837.19,4,1,2,7,At Risk
CUST00251,2025-08-20,41,1,966.73,4,1,2,7,At Risk
CUST00252,2025-03-24,190,6,5194.02,1,2,5,8,Potential Loyalists
CUST00253,2025-03-23,191,3,1901.1299999999999,1,1,3,5,Lost Customers
CUST00254,2025-03-31,183,4,3041.57,1,1,4,6,At Risk
CUST00255,2025-09-08,22,6,4806.29,4,2,5,11,Loyal Customers
CUST00256,2025-04-02,181,2,1727.8400000000001,1,1,3,5,Lost Customers
CUST00257,2025-08-06,55,2,1042.47,3,1,2,6,At Risk
CUST00258,2025-08-19,42,10,6259.64,4,3,5,12,Loyal Customers
CUST00259,2025-03-22,192,1,1519.33,1,1,2,4,Lost Customers
CUST00260,2025-09-28,2,2,1820.81,5,1,3,9,Potential Loyalists
CUST00261,2025-08-10,51,1,350.44,3,1,1,5,Lost Customers
CUST00262,2025-09-21,9,2,1318.44,5,1,2,8,Potential Loyalists
CUST00263,2025-09-05,25,12,7940.0,4,4,5,13,Champions
CUST00264,2025-08-30,31,2,671.0999999999999,4,1,1,6,At Risk
CUST00265,2025-07-15,77,1,510.24,3,1,1,5,Lost Customers
CUST00266,2025-04-25,158,4,5306.62,1,1,5,7,At Risk
CUST00267,2025-09-01,29,4,4026.2300000000005,4,1,4,9,Potential Loyalists
CUST00268,2025-09-21,9,3,2097.02,5,1,3,9,Potential Loyalists
CUST00269,2025-08-31,30,3,2563.9300000000003,4,1,4,9,Potential Loyalists
CUST00270,2025-07-17,75,2,968.72,3,1,2,6,At Risk
CUST00271,2025-08-29,32,4,3933.98,4,1,4,9,Potential Loyalists
CUST00272,2025-09-18,12,13,13721.27,5,4,5,14,Champions
CUST00273,2025-09-17,13,8,6009.55,5,3,5,13,Champions
CUST00274,2025-07-21,71,1,695.0,3,1,1,5,Lost Customers
CUST00275,2025-02-01,241,6,3879.21,1,2,4,7,At Risk
CUST00276,2025-08-14,47,6,8721.42,3,2,5,10,Loyal Customers
CUST00277,2025-09-28,2,3,1630.27,5,1,3,9,Potential Loyalists
CUST00278,2025-07-23,69,4,2768.06,3,1,4,8,Potential Loyalists
CUST00279,2025-09-18,12,8,5366.55,5,3,5,13,Champions
CUST00280,2025-09-20,10,8,7231.759999999999,5,3,5,13,Champions
CUST00281,2025-08-26,35,2,1161.06,4,1,2,7,At Risk
CUST00282,2024-12-08,296,2,774.76,1,1,1,3,Lost Customers
CUST00283,2025-09-12,18,10,7871.0,5,3,5,13,Champions
CUST00284,2024-12-13,291,2,781.62,1,1,2,4,Lost Customers
CUST00285,2025-09-17,13,4,2158.18,5,1,3,9,Potential Loyalists
CUST00286,2024-09-26,369,2,2027.25,1,1,3,5,Lost Customers
CUST00287,2025-07-23,69,6,6236.95,3,2,5,10,Loyal Customers
CUST00288,2025-06-12,110,2,1096.1,2,1,2,5,Lost Customers
CUST00289,2025-09-25,5,2,811.06,5,1,2,8,Potential Loyalists
CUST00290,2025-09-21,9,1,251.16,5,1,1,7,At Risk
CUST00291,2025-08-03,58,9,5604.34,3,3,5,11,Loyal Customers
CUST00292,2025-08-18,43,1,657.91,4,1,1,6,At Risk
CUST00293,2025-02-12,230,3,1699.71,1,1,3,5,Lost Customers
CUST00294,2025-06-20,102,1,1714.42,2,1,3,6,At Risk
CUST00295,2025-09-14,16,2,2000.29,5,1,3,9,Potential Loyalists
CUST00296,2025-05-21,132,4,1989.83,2,1,3,6,At Risk
CUST00297,2025-04-29,154,1,1130.29,1,1,2,4,Lost Customers
CUST00298,2025-03-13,201,1,1122.99,1,1,2,4,Lost Customers
CUST00299,2024-10-22,343,4,2302.1800000000003,1,1,3,5,Lost Customers
CUST00300,2025-09-25,5,4,2276.6099999999997,5,1,3,9,Potential Loyalists
CUST00301,2025-09-21,9,7,7023.07,5,2,5,12,Loyal Customers
CUST00302,2025-05-05,148,4,2534.0,1,1,3,5,Lost Customers
CUST00303,2025-08-13,48,5,3674.2,3,2,4,9,Potential Loyalists
CUST00304,2025-07-05,87,3,2837.27,2,1,4,7,At Risk
CUST00305,2025-04-17,166,1,531.59,1,1,1,3,Lost Customers
CUST00306,2025-09-11,19,5,3658.35,5,2,4,11,Loyal Customers
CUST00307,2025-08-29,32,3,2114.17,4,1,3,8,Potential Loyalists
CUST00308,2025-07-26,66,2,1535.15,3,1,2,6,At Risk
CUST00309,2025-09-22,8,3,2731.6099999999997,5,1,4,10,Loyal Customers
CUST00310,2025-09-08,22,1,578.27,4,1,1,6,At Risk
CUST00311,2025-08-13,48,1,1336.82,3,1,2,6,At Risk
CUST00312,2025-07-28,64,1,486.27,3,1,1,5,Lost Customers
CUST00313,2025-04-21,162,1,769.77,1,1,1,3,Lost Customers
CUST00314,2025-09-14,16,1,560.98,5,1,1,7,At Risk
CUST00315,2025-09-13,17,10,10137.960000000001,5,3,5,13,Champions
CUST00316,2025-06-25,97,2,1079.82,2,1,2,5,Lost Customers
CUST00317,2025-06-22,100,1,1353.24,2,1,2,5,Lost Customers
CUST00318,2025-08-14,47,5,5959.01,3,2,5,10,Loyal Customers
CUST00319,2025-05-06,147,6,2585.4700000000003,2,2,4,8,Potential Loyalists
CUST00320,2025-09-05,25,7,5001.34,4,2,5,11,Loyal Customers
CUST00321,2025-06-06,116,6,3100.54,2,2,4,8,Potential Loyalists
CUST00322,2025-09-26,4,5,3351.86,5,2,4,11,Loyal Customers
CUST00323,2025-09-25,5,8,7225.06,5,3,5,13,Champions
CUST00324,2024-12-30,274,4,6039.5599999999995,1,1,5,7,At Risk
CUST00325,2025-08-17,44,3,3542.89,4,1,4,9,Potential Loyalists
CUST00326,2025-05-29,124,3,1868.65,2,1,3,6,At Risk
CUST00327,2025-09-28,2,3,1087.67,5,1,2,8,Potential Loyalists
CUST00328,2024-11-12,322,1,371.68,1,1,1,3,Lost Customers
CUST00329,2025-09-29,1,1,299.28,5,1,1,7,At Risk
CUST00330,2025-07-18,74,3,1307.8000000000002,3,1,2,6,At Risk
CUST00331,2025-05-02,151,5,3450.66,1,2,4,7,At Risk
CUST00332,2025-09-06,24,2,2059.8,4,1,3,8,Potential Loyalists
CUST00333,2025-07-17,75,1,870.15,3,1,2,6,At Risk
CUST00334,2025-07-07,85,3,2170.31,3,1,3,7,At Risk
CUST00335,2025-05-05,148,3,2480.1,1,1,3,5,Lost Customers
CUST00336,2025-09-01,29,4,1900.82,4,1,3,8,Potential Loyalists
CUST00337,2025-09-23,7,2,1887.73,5,1,3,9,Potential Loyalists
CUST00338,2025-09-18,12,1,887.38,5,1,2,8,Potential Loyalists
CUST00339,2025-06-30,92,4,2671.88,2,1,4,7,At Risk
CUST00340,2025-08-15,46,8,5565.53,4,3,5,12,Loyal Customers
CUST00341,2025-09-11,19,1,790.16,5,1,2,8,Potential Loyalists
CUST00342,2025-09-29,1,3,2620.58,5,1,4,10,Loyal Customers
CUST00343,2025-06-28,94,5,2489.52,2,2,3,7,At Risk
CUST00344,2025-03-25,189,5,4461.57,1,2,5,8,Potential Loyalists
CUST00345,2025-09-27,3,5,5510.36,5,2,5,12,Loyal Customers
CUST00346,2025-07-20,72,11,10011.3,3,4,5,12,Loyal Customers
CUST00347,2025-03-30,184,4,3311.46,1,1,4,6,At Risk
CUST00348,2025-09-29,1,3,2509.74,5,1,3,9,Potential Loyalists
CUST00349,2025-07-18,74,4,3794.38,3,1,4,8,Potential Loyalists
CUST00350,2025-08-20,41,1,537.51,4,1,1,6,At Risk
CUST00351,2025-09-21,9,7,7447.2,5,2,5,12,Loyal Customers
CUST00352,2025-09-03,27,1,1000.77,4,1,2,7,At Risk
CUST00353,2025-06-04,118,4,1755.1200000000001,2,1,3,6,At Risk
CUST00354,2025-08-25,36,5,2894.64,4,2,4,10,Loyal Customers
CUST00355,2025-04-12,171,4,3405.2,1,1,4,6,At Risk
CUST00356,2025-09-23,7,5,2474.34,5,2,3,10,Loyal Customers
CUST00357,2025-08-19,42,1,513.15,4,1,1,6,At Risk
CUST00358,2025-06-21,101,2,1523.3600000000001,2,1,2,5,Lost Customers
CUST00359,2025-09-27,3,8,6332.549999999999,5,3,5,13,Champions
CUST00360,2025-09-28,2,6,8052.9800000000005,5,2,5,12,Loyal Customers
CUST00361,2025-04-14,169,1,361.04,1,1,1,3,Lost Customers
CUST00362,2025-09-07,23,4,2137.19,4,1,3,8,Potential Loyalists
CUST00363,2025-09-03,27,1,413.99,4,1,1,6,At Risk
CUST00364,2024-10-06,359,3,2049.88,1,1,3,5,Lost Customers
CUST00365,2025-04-25,158,1,1015.06,1,1,2,4,Lost Customers
CUST00366,2025-06-30,92,4,5279.17,2,1,5,8,Potential Loyalists
CUST00367,2025-03-02,212,1,884.81,1,1,2,4,Lost Customers
CUST00368,2025-08-06,55,1,348.81,3,1,1,5,Lost Customers
CUST00369,2025-07-21,71,3,2263.62,3,1,3,7,At Risk
CUST00370,2025-04-11,172,1,452.14,1,1,1,3,Lost Customers
CUST00371,2025-05-29,124,3,2631.54,2,1,4,7,At Risk
CUST00372,2025-08-05,56,1,431.11,3,1,1,5,Lost Customers
CUST00373,2025-07-19,73,2,1612.8899999999999,3,1,3,7,At Risk
CUST00374,2025-02-23,219,2,795.8299999999999,1,1,2,4,Lost Customers
CUST00375,2025-07-07,85,6,3564.29,3,2,4,9,Potential Loyalists
CUST00376,2025-08-16,45,8,5532.45,4,3,5,12,Loyal Customers
CUST00377,2025-07-12,80,4,2214.32,3,1,3,7,At Risk
CUST00378,2025-06-23,99,1,1622.32,2,1,3,6,At Risk
CUST00379,2025-07-17,75,2,1029.97,3,1,2,6,At Risk
CUST00380,2025-08-22,39,6,3460.9,4,2,4,10,Loyal Customers
CUST00381,2025-04-01,182,1,597.86,1,1,1,3,Lost Customers
CUST00382,2025-08-16,45,2,766.55,4,1,1,6,At Risk
CUST00383,2025-09-22,8,6,4050.1099999999997,5,2,5,12,Loyal Customers
CUST00384,2025-09-04,26,1,470.31,4,1,1,6,At Risk
CUST00385,2025-07-29,63,7,5606.02,3,2,5,10,Loyal Customers
CUST00386,2025-09-30,0,6,4989.88,5,2,5,12,Loyal Customers
CUST00387,2025-08-21,40,1,721.21,4,1,1,6,At Risk
CUST00388,2025-08-24,37,5,2574.36,4,2,4,10,Loyal Customers
CUST00389,2025-09-16,14,9,6570.38,5,3,5,13,Champions
CUST00390,2025-08-07,54,2,1639.4299999999998,3,1,3,7,At Risk
CUST00391,2025-09-29,1,3,2830.86,5,1,4,10,Loyal Customers
CUST00392,2025-05-20,133,7,5290.95,2,2,5,9,Potential Loyalists
CUST00393,2025-09-18,12,2,2231.04,5,1,3,9,Potential Loyalists
CUST00394,2025-09-29,1,1,404.19,5,1,1,7,At Risk
CUST00395,2025-08-26,35,3,1418.71,4,1,2,7,At Risk
CUST00396,2025-09-20,10,5,3031.7799999999997,5,2,4,11,Loyal Customers
CUST00397,2025-07-13,79,11,9647.73,3,4,5,12,Loyal Customers
CUST00398,2025-09-22,8,4,2823.02,5,1,4,10,Loyal Customers
CUST00399,2025-01-11,262,4,2749.65,1,1,4,6,At Risk
CUST00400,2025-08-17,44,1,402.05,4,1,1,6,At Risk
CUST00401,2025-07-26,66,1,568.99,3,1,1,5,Lost Customers
CUST00402,2025-05-21,132,3,1410.06,2,1,2,5,Lost Customers
CUST00403,2025-09-09,21,2,2029.3200000000002,4,1,3,8,Potential Loyalists
CUST00404,2025-03-21,193,6,4631.52,1,2,5,8,Potential Loyalists
CUST00405,2025-09-28,2,1,282.03,5,1,1,7,At Risk
CUST00406,2025-09-20,10,3,997.27,5,1,2,8,Potential Loyalists
CUST00407,2025-09-12,18,1,1569.01,5,1,3,9,Potential Loyalists
CUST00408,2025-08-21,40,7,4155.91,4,2,5,11,Loyal Customers
CUST00409,2025-08-03,58,7,4946.35,3,2,5,10,Loyal Customers
CUST00410,2025-09-29,1,2,1365.22,5,1,2,8,Potential Loyalists
CUST00411,2025-01-20,253,1,1756.76,1,1,3,5,Lost Customers
CUST00412,2024-04-19,529,1,1486.51,1,1,2,4,Lost Customers
CUST00413,2025-09-04,26,3,1644.89,4,1,3,8,Potential Loyalists
CUST00414,2025-09-27,3,1,311.44,5,1,1,7,At Risk
CUST00415,2025-06-02,120,2,2282.07,2,1,3,6,At Risk
CUST00416,2025-09-02,28,2,1020.28,4,1,2,7,At Risk
CUST00417,2025-05-02,151,4,2750.0299999999997,1,1,4,6,At Risk
CUST00418,2025-09-25,5,2,1919.75,5,1,3,9,Potential Loyalists
CUST00419,2025-06-24,98,2,1795.1,2,1,3,6,At Risk
CUST00420,2025-09-12,18,4,4050.29,5,1,5,11,Loyal Customers
CUST00421,2025-09-30,0,7,5557.389999999999,5,2,5,12,Loyal Customers
CUST00422,2025-05-28,125,2,1075.03,2,1,2,5,Lost Customers
CUST00423,2025-05-18,135,3,2349.76,2,1,3,6,At Risk
CUST00424,2025-06-09,113,2,1297.49,2,1,2,5,Lost Customers
CUST00425,2025-06-09,113,2,1502.44,2,1,2,5,Lost Customers
CUST00426,2025-07-15,77,2,1478.25,3,1,2,6,At Risk
CUST00427,2025-09-29,1,2,331.53,5,1,1,7,At Risk
CUST00428,2025-07-18,74,5,2817.05,3,2,4,9,Potential Loyalists
CUST00429,2025-09-24,6,1,432.48,5,1,1,7,At Risk
CUST00430,2025-09-08,22,3,2369.81,4,1,3,8,Potential Loyalists
CUST00431,2025-04-29,154,2,903.65,1,1,2,4,Lost Customers
CUST00432,2025-06-10,112,4,5036.07,2,1,5,8,Potential Loyalists
CUST00433,2025-08-25,36,6,4884.34,4,2,5,11,Loyal Customers
CUST00434,2024-12-11,293,2,1034.35,1,1,2,4,Lost Customers
CUST00435,2025-03-14,200,3,1740.56,1,1,3,5,Lost Customers
CUST00436,2025-08-12,49,4,2770.92,3,1,4,8,Potential Loyalists
CUST00437,2025-05-02,151,1,729.22,1,1,1,3,Lost Customers
CUST00438,2025-07-28,64,3,2466.39,3,1,3,7,At Risk
CUST00439,2025-06-03,119,3,1981.34,2,1,3,6,At Risk
CUST00440,2025-07-28,64,1,325.03,3,1,1,5,Lost Customers
CUST00441,2025-03-03,211,1,786.67,1,1,2,4,Lost Customers
CUST00442,2025-07-23,69,8,4905.34,3,3,5,11,Loyal Customers
CUST00443,2025-01-08,265,3,1694.35,1,1,3,5,Lost Customers
CUST00444,2025-02-10,232,1,520.84,1,1,1,3,Lost Customers
CUST00445,2025-09-04,26,1,1594.8,4,1,3,8,Potential Loyalists
CUST00446,2025-09-04,26,1,521.16,4,1,1,6,At Risk
CUST00447,2025-08-25,36,7,3091.4,4,2,4,10,Loyal Customers
CUST00448,2025-05-17,136,5,4291.91,2,2,5,9,Potential Loyalists
CUST00449,2025-03-05,209,2,661.52,1,1,1,3,Lost Customers
CUST00450,2025-08-17,44,1,862.9,4,1,2,7,At Risk
CUST00451,2025-09-01,29,4,3636.0,4,1,4,9,Potential Loyalists
CUST00452,2025-01-17,256,6,1929.85,1,2,3,6,At Risk
CUST00453,2025-09-13,17,4,3032.93,5,1,4,10,Loyal Customers
CUST00454,2025-09-17,13,4,2655.42,5,1,4,10,Loyal Customers
CUST00455,2024-12-31,273,3,1616.76,1,1,3,5,Lost Customers
CUST00456,2025-05-06,147,4,3440.2,2,1,4,7,At Risk
CUST00457,2024-11-13,321,2,1371.21,1,1,2,4,Lost Customers
CUST00458,2025-09-26,4,2,1371.81,5,1,2,8,Potential Loyalists
CUST00459,2025-02-05,237,3,2928.0299999999997,1,1,4,6,At Risk
CUST00460,2025-09-11,19,11,9241.95,5,4,5,14,Champions
CUST00461,2025-03-20,194,4,1579.47,1,1,3,5,Lost Customers
CUST00462,2025-08-26,35,3,2689.5,4,1,4,9,Potential Loyalists
CUST00463,2025-09-01,29,4,5048.68,4,1,5,10,Loyal Customers
CUST00464,2025-06-16,106,10,6495.79,2,3,5,10,Loyal Customers
CUST00465,2025-04-06,177,1,1298.74,1,1,2,4,Lost Customers
CUST00466,2025-09-05,25,10,5238.91,4,3,5,12,Loyal Customers
CUST00467,2025-09-27,3,2,1180.98,5,1,2,8,Potential Loyalists
CUST00468,2025-03-16,198,2,1077.8600000000001,1,1,2,4,Lost Customers
CUST00469,2025-09-11,19,3,1886.95,5,1,3,9,Potential Loyalists
CUST00470,2025-04-17,166,5,3508.62,1,2,4,7,At Risk
CUST00471,2025-05-27,126,1,307.23,2,1,1,4,Lost Customers
CUST00472,2025-06-08,114,3,2846.8,2,1,4,7,At Risk
CUST00473,2025-06-01,121,6,3513.72,2,2,4,8,Potential Loyalists
CUST00474,2025-09-08,22,3,1652.35,4,1,3,8,Potential Loyalists
CUST00475,2025-08-22,39,9,6914.04,4,3,5,12,Loyal Customers
CUST00476,2025-05-13,140,7,6233.25,2,2,5,9,Potential Loyalists
CUST00477,2025-08-01,60,4,3034.67,3,1,4,8,Potential Loyalists
CUST00478,2025-08-30,31,2,862.04,4,1,2,7,At Risk
CUST00479,2025-01-04,269,1,319.34,1,1,1,3,Lost Customers
CUST00480,2025-05-05,148,7,4227.82,1,2,5,8,Potential Loyalists
CUST00481,2025-08-18,43,2,934.12,4,1,2,7,At Risk
CUST00482,2025-08-29,32,4,2177.14,4,1,3,8,Potential Loyalists
CUST00483,2025-06-15,107,7,4120.83,2,2,5,9,Potential Loyalists
CUST00484,2025-07-30,62,5,5407.55,3,2,5,10,Loyal Customers
CUST00485,2025-02-14,228,5,2971.02,1,2,4,7,At Risk
CUST00486,2025-08-17,44,1,810.16,4,1,2,7,At Risk
CUST00487,2025-09-01,29,7,2642.71,4,2,4,10,Loyal Customers
CUST00488,2025-02-25,217,4,2427.65,1,1,3,5,Lost Customers
CUST00489,2025-03-04,210,1,963.44,1,1,2,4,Lost Customers
CUST00490,2025-09-23,7,1,557.54,5,1,1,7,At Risk
CUST00491,2025-06-25,97,1,540.89,2,1,1,4,Lost Customers
CUST00492,2025-07-31,61,6,5426.94,3,2,5,10,Loyal Customers
CUST00493,2025-06-14,108,2,1757.06,2,1,3,6,At Risk
CUST00494,2025-09-19,11,1,660.15,5,1,1,7,At Risk
CUST00495,2025-08-16,45,2,2001.5900000000001,4,1,3,8,Potential Loyalists
CUST00496,2025-08-26,35,1,1586.18,4,1,3,8,Potential Loyalists
CUST00497,2025-04-24,159,1,1724.62,1,1,3,5,Lost Customers
CUST00498,2025-09-06,24,2,970.31,4,1,2,7,At Risk
CUST00499,2025-09-12,18,3,2917.37,5,1,4,10,Loyal Customers
CUST00500,2025-08-18,43,3,3208.81,4,1,4,9,Potential Loyalists
CUST00501,2025-09-10,20,4,2834.75,5,1,4,10,Loyal Customers
CUST00502,2025-09-13,17,2,1615.2400000000002,5,1,3,9,Potential Loyalists
CUST00503,2025-08-13,48,7,4458.49,3,2,5,10,Loyal Customers
CUST00504,2025-09-15,15,1,1602.01,5,1,3,9,Potential Loyalists
CUST00505,2025-05-28,125,1,1027.23,2,1,2,5,Lost Customers
CUST00506,2025-08-23,38,9,8243.95,4,3,5,12,Loyal Customers
CUST00507,2025-06-02,120,2,3345.6800000000003,2,1,4,7,At Risk
CUST00508,2025-05-05,148,1,717.51,1,1,1,3,Lost Customers
CUST00509,2025-09-09,21,1,954.21,4,1,2,7,At Risk
CUST00510,2025-04-21,162,4,3630.48,1,1,4,6,At Risk
CUST00511,2025-09-25,5,4,2778.7,5,1,4,10,Loyal Customers
CUST00512,2025-09-14,16,4,2468.63,5,1,3,9,Potential Loyalists
CUST00513,2025-09-03,27,8,5289.39,4,3,5,12,Loyal Customers
CUST00514,2025-06-29,93,1,1687.55,2,1,3,6,At Risk
CUST00515,2025-09-24,6,2,1540.13,5,1,2,8,Potential Loyalists
CUST00516,2025-09-03,27,1,623.59,4,1,1,6,At Risk
CUST00517,2025-08-02,59,5,2777.25,3,2,4,9,Potential Loyalists
CUST00518,2025-09-07,23,1,226.9,4,1,1,6,At Risk
CUST00519,2025-07-11,81,1,412.42,3,1,1,5,Lost Customers
CUST00520,2025-09-28,2,5,3130.28,5,2,4,11,Loyal Customers
CUST00521,2025-08-19,42,7,3626.0699999999997,4,2,4,10,Loyal Customers
CUST00522,2024-06-25,462,1,1688.22,1,1,3,5,Lost Customers
CUST00523,2025-09-01,29,3,2606.67,4,1,4,9,Potential Loyalists
CUST00524,2025-09-19,11,10,7161.96,5,3,5,13,Champions
CUST00525,2025-02-22,220,4,1916.75,1,1,3,5,Lost Customers
CUST00526,2025-09-28,2,1,1131.41,5,1,2,8,Potential Loyalists
CUST00527,2025-06-09,113,6,5554.469999999999,2,2,5,9,Potential Loyalists
CUST00528,2025-09-16,14,1,556.1,5,1,1,7,At Risk
CUST00529,2025-07-29,63,1,1129.52,3,1,2,6,At Risk
CUST00530,2025-08-04,57,3,2183.4300000000003,3,1,3,7,At Risk
CUST00531,2025-08-18,43,2,648.41,4,1,1,6,At Risk
CUST00532,2025-06-04,118,4,4895.42,2,1,5,8,Potential Loyalists
CUST00533,2025-09-26,4,1,149.0,5,1,1,7,At Risk
CUST00534,2025-07-18,74,5,3110.46,3,2,4,9,Potential Loyalists
CUST00535,2025-05-15,138,5,5156.9,2,2,5,9,Potential Loyalists
CUST00536,2025-08-06,55,4,4432.75,3,1,5,9,Potential Loyalists
CUST00537,2025-09-28,2,1,447.58,5,1,1,7,At Risk
CUST00538,2025-07-22,70,6,4026.69,3,2,5,10,Loyal Customers
CUST00539,2025-07-27,65,8,7874.25,3,3,5,11,Loyal Customers
CUST00540,2025-08-05,56,7,5087.94,3,2,5,10,Loyal Customers
CUST00541,2025-05-21,132,5,3404.94,2,2,4,8,Potential Loyalists
CUST00542,2025-08-07,54,1,576.88,3,1,1,5,Lost Customers
CUST00543,2025-03-17,197,4,2320.55,1,1,3,5,Lost Customers
CUST00544,2025-07-07,85,2,2284.46,3,1,3,7,At Risk
CUST00545,2025-09-29,1,1,603.57,5,1,1,7,At Risk
CUST00546,2025-09-27,3,2,2127.37,5,1,3,9,Potential Loyalists
CUST00547,2025-08-22,39,1,1001.24,4,1,2,7,At Risk
CUST00548,2025-04-18,165,1,858.7,1,1,2,4,Lost Customers
CUST00549,2025-05-21,132,2,1035.57,2,1,2,5,Lost Customers
CUST00550,2025-09-19,11,1,525.8,5,1,1,7,At Risk
CUST00551,2025-09-05,25,3,1964.0,4,1,3,8,Potential Loyalists
CUST00552,2025-09-26,4,1,567.45,5,1,1,7,At Risk
CUST00553,2024-12-11,293,4,3183.11,1,1,4,6,At Risk
CUST00554,2025-09-23,7,3,1402.26,5,1,2,8,Potential Loyalists
CUST00555,2025-08-16,45,3,1924.03,4,1,3,8,Potential Loyalists
CUST00556,2025-09-04,26,1,936.16,4,1,2,7,At Risk
CUST00557,2025-09-14,16,6,4460.42,5,2,5,12,Loyal Customers
CUST00558,2024-08-27,399,2,679.0699999999999,1,1,1,3,Lost Customers
CUST00559,2025-09-29,1,2,1344.49,5,1,2,8,Potential Loyalists
CUST00560,2025-02-11,231,1,1135.13,1,1,2,4,Lost Customers
CUST00561,2025-09-26,4,1,256.33,5,1,1,7,At Risk
CUST00562,2025-01-14,259,2,899.8599999999999,1,1,2,4,Lost Customers
CUST00563,2025-06-17,105,2,887.86,2,1,2,5,Lost Customers
CUST00564,2025-05-23,130,8,4592.1900000000005,2,3,5,10,Loyal Customers
CUST00565,2025-08-22,39,1,275.55,4,1,1,6,At Risk
CUST00566,2025-09-08,22,1,657.76,4,1,1,6,At Risk
CUST00567,2025-09-27,3,8,4922.05,5,3,5,13,Champions
CUST00568,2025-08-27,34,1,482.12,4,1,1,6,At Risk
CUST00569,2025-06-09,113,1,430.0,2,1,1,4,Lost Customers
CUST00570,2025-04-15,168,3,2545.7200000000003,1,1,3,5,Lost Customers
CUST00571,2025-08-29,32,1,598.14,4,1,1,6,At Risk
CUST00572,2025-08-10,51,6,3305.75,3,2,4,9,Potential Loyalists
CUST00573,2025-05-28,125,5,2912.39,2,2,4,8,Potential Loyalists
CUST00574,2025-09-25,5,7,5871.91,5,2,5,12,Loyal Customers
CUST00575,2025-07-09,83,1,548.72,3,1,1,5,Lost Customers
CUST00576,2025-08-15,46,2,799.27,4,1,2,7,At Risk
CUST00577,2025-07-20,72,5,3560.2299999999996,3,2,4,9,Potential Loyalists
CUST00578,2024-09-19,376,2,3054.7200000000003,1,1,4,6,At Risk
CUST00579,2025-09-20,10,1,301.68,5,1,1,7,At Risk
CUST00580,2025-07-18,74,1,713.84,3,1,1,5,Lost Customers
CUST00581,2025-07-16,76,2,1527.79,3,1,2,6,At Risk
CUST00582,2024-12-18,286,1,392.06,1,1,1,3,Lost Customers
CUST00583,2025-01-10,263,4,3652.46,1,1,4,6,At Risk
CUST00584,2025-07-09,83,1,591.05,3,1,1,5,Lost Customers
CUST00585,2025-06-09,113,8,5368.63,2,3,5,10,Loyal Customers
CUST00586,2025-05-25,128,4,1853.61,2,1,3,6,At Risk
CUST00587,2025-09-12,18,1,275.79,5,1,1,7,At Risk
CUST00588,2025-07-16,76,1,649.95,3,1,1,5,Lost Customers
CUST00589,2025-07-21,71,5,4196.7699999999995,3,2,5,10,Loyal Customers
CUST00590,2025-05-13,140,3,3961.05,2,1,4,7,At Risk
CUST00591,2025-07-23,69,2,1767.15,3,1,3,7,At Risk
CUST00592,2025-09-10,20,2,1084.48,5,1,2,8,Potential Loyalists
CUST00593,2025-09-01,29,5,3602.31,4,2,4,10,Loyal Customers
CUST00594,2025-07-01,91,1,448.78,2,1,1,4,Lost Customers
CUST00595,2025-09-10,20,5,2849.27,5,2,4,11,Loyal Customers
CUST00596,2025-08-11,50,4,2927.96,3,1,4,8,Potential Loyalists
CUST00597,2025-08-09,52,4,3041.18,3,1,4,8,Potential Loyalists
CUST00598,2025-09-23,7,2,1082.0300000000002,5,1,2,8,Potential Loyalists
CUST00599,2025-04-14,169,4,2898.52,1,1,4,6,At Risk
CUST00600,2025-01-10,263,3,1248.1399999999999,1,1,2,4,Lost Customers
CUST00601,2025-07-22,70,1,537.85,3,1,1,5,Lost Customers
CUST00602,2025-07-01,91,1,171.18,2,1,1,4,Lost Customers
CUST00603,2025-09-20,10,9,4869.21,5,3,5,13,Champions
CUST00604,2025-07-02,90,1,761.72,2,1,1,4,Lost Customers
CUST00605,2025-04-23,160,5,3199.79,1,2,4,7,At Risk
CUST00606,2025-06-02,120,1,240.15,2,1,1,4,Lost Customers
CUST00607,2025-01-24,249,3,2332.76,1,1,3,5,Lost Customers
CUST00608,2025-09-03,27,3,2455.49,4,1,3,8,Potential Loyalists
CUST00609,2025-09-24,6,5,4581.16,5,2,5,12,Loyal Customers
CUST00610,2025-09-08,22,5,3975.59,4,2,4,10,Loyal Customers
CUST00611,2025-02-07,235,4,3472.66,1,1,4,6,At Risk
CUST00612,2025-08-13,48,2,2120.98,3,1,3,7,At Risk
CUST00613,2025-09-26,4,6,4895.57,5,2,5,12,Loyal Customers
CUST00614,2025-03-18,196,1,267.96,1,1,1,3,Lost Customers
CUST00615,2025-08-27,34,1,446.03,4,1,1,6,At Risk
CUST00616,2025-08-25,36,5,2628.3,4,2,4,10,Loyal Customers
CUST00617,2025-09-16,14,10,5456.37,5,3,5,13,Champions
CUST00618,2025-06-30,92,2,1570.53,2,1,3,6,At Risk
CUST00619,2025-09-28,2,5,2211.2000000000003,5,2,3,10,Loyal Customers
CUST00620,2025-07-02,90,1,449.48,2,1,1,4,Lost Customers
CUST00621,2025-06-30,92,1,348.53,2,1,1,4,Lost Customers
CUST00622,2025-04-03,180,3,2009.7800000000002,1,1,3,5,Lost Customers
CUST00623,2025-06-14,108,4,1945.71,2,1,3,6,At Risk
CUST00624,2025-02-10,232,1,270.09,1,1,1,3,Lost Customers
CUST00625,2025-07-26,66,4,2155.58,3,1,3,7,At Risk
CUST00626,2025-09-21,9,2,1214.38,5,1,2,8,Potential Loyalists
CUST00627,2025-07-17,75,3,2765.27,3,1,4,8,Potential Loyalists
CUST00628,2025-08-02,59,4,1509.63,3,1,2,6,At Risk
CUST00629,2025-08-17,44,1,442.4,4,1,1,6,At Risk
CUST00630,2025-06-29,93,3,2512.7,2,1,3,6,At Risk
CUST00631,2025-07-24,68,10,6076.9,3,3,5,11,Loyal Customers
CUST00632,2025-07-31,61,1,1078.63,3,1,2,6,At Risk
CUST00633,2025-08-28,33,1,1619.36,4,1,3,8,Potential Loyalists
CUST00634,2025-06-04,118,4,1711.76,2,1,3,6,At Risk
CUST00635,2025-05-19,134,1,1016.46,2,1,2,5,Lost Customers
CUST00636,2025-07-20,72,2,2158.95,3,1,3,7,At Risk
CUST00637,2025-08-01,60,5,5246.29,3,2,5,10,Loyal Customers
CUST00638,2025-04-10,173,6,3093.33,1,2,4,7,At Risk
CUST00639,2024-09-26,369,3,2753.19,1,1,4,6,At Risk
CUST00640,2025-05-23,130,1,641.86,2,1,1,4,Lost Customers
CUST00641,2025-08-26,35,6,5481.38,4,2,5,11,Loyal Customers
CUST00642,2025-09-12,18,3,1654.45,5,1,3,9,Potential Loyalists
CUST00643,2025-04-28,155,1,1091.34,1,1,2,4,Lost Customers
CUST00644,2025-07-14,78,7,3822.27,3,2,4,9,Potential Loyalists
CUST00645,2025-01-21,252,3,2730.59,1,1,4,6,At Risk
CUST00646,2025-06-05,117,6,5934.01,2,2,5,9,Potential Loyalists
CUST00647,2025-07-28,64,1,507.52,3,1,1,5,Lost Customers
CUST00648,2025-08-30,31,1,1298.17,4,1,2,7,At Risk
CUST00649,2025-05-29,124,6,3181.62,2,2,4,8,Potential Loyalists
CUST00650,2025-08-02,59,3,2622.0099999999998,3,1,4,8,Potential Loyalists
CUST00651,2025-08-27,34,7,5105.77,4,2,5,11,Loyal Customers
CUST00652,2025-07-17,75,4,4491.29,3,1,5,9,Potential Loyalists
CUST00653,2025-08-29,32,2,2037.83,4,1,3,8,Potential Loyalists
CUST00654,2025-09-22,8,6,5827.77,5,2,5,12,Loyal Customers
CUST00655,2025-07-13,79,8,5295.41,3,3,5,11,Loyal Customers
CUST00656,2025-07-25,67,4,3207.37,3,1,4,8,Potential Loyalists
CUST00657,2025-07-29,63,4,1287.49,3,1,2,6,At Risk
CUST00658,2025-02-23,219,2,2355.97,1,1,3,5,Lost Customers
CUST00659,2025-09-14,16,1,883.27,5,1,2,8,Potential Loyalists
CUST00660,2025-08-18,43,1,573.43,4,1,1,6,At Risk
CUST00661,2025-04-03,180,3,1105.96,1,1,2,4,Lost Customers
CUST00662,2025-05-29,124,1,852.96,2,1,2,5,Lost Customers
CUST00663,2025-07-28,64,8,5700.78,3,3,5,11,Loyal Customers
CUST00664,2025-09-10,20,1,237.27,5,1,1,7,At Risk
CUST00665,2025-08-26,35,9,6480.29,4,3,5,12,Loyal Customers
CUST00666,2025-09-27,3,1,540.99,5,1,1,7,At Risk
CUST00667,2025-09-05,25,5,5036.26,4,2,5,11,Loyal Customers
CUST00668,2025-08-19,42,2,952.4100000000001,4,1,2,7,At Risk
CUST00669,2025-08-04,57,3,2774.7599999999998,3,1,4,8,Potential Loyalists
CUST00670,2025-01-31,242,4,3756.69,1,1,4,6,At Risk
CUST00671,2025-09-28,2,8,5453.93,5,3,5,13,Champions
CUST00672,2025-05-12,141,1,434.37,2,1,1,4,Lost Customers
CUST00673,2025-06-04,118,1,1297.2,2,1,2,5,Lost Customers
CUST00674,2025-08-05,56,8,4178.67,3,3,5,11,Loyal Customers
CUST00675,2025-05-23,130,5,6478.51,2,2,5,9,Potential Loyalists
CUST00676,2025-09-24,6,1,714.17,5,1,1,7,At Risk
CUST00677,2025-09-24,6,1,291.61,5,1,1,7,At Risk
CUST00678,2025-03-18,196,2,1145.87,1,1,2,4,Lost Customers
CUST00679,2025-07-09,83,8,6252.95,3,3,5,11,Loyal Customers
CUST00680,2025-02-27,215,1,1087.83,1,1,2,4,Lost Customers
CUST00681,2025-03-03,211,1,1372.4,1,1,2,4,Lost Customers
CUST00682,2025-09-11,19,1,1238.23,5,1,2,8,Potential Loyalists
CUST00683,2025-09-30,0,3,3422.7,5,1,4,10,Loyal Customers
CUST00684,2025-05-13,140,4,2472.73,2,1,3,6,At Risk
CUST00685,2025-09-28,2,1,1158.09,5,1,2,8,Potential Loyalists
CUST00686,2025-05-26,127,3,1409.0900000000001,2,1,2,5,Lost Customers
CUST00687,2025-06-05,117,5,4129.24,2,2,5,9,Potential Loyalists
CUST00688,2025-09-17,13,5,3552.34,5,2,4,11,Loyal Customers
CUST00689,2025-07-22,70,4,4514.3099999999995,3,1,5,9,Potential Loyalists
CUST00690,2025-09-26,4,5,5697.91,5,2,5,12,Loyal Customers
CUST00691,2025-07-31,61,3,2927.57,3,1,4,8,Potential Loyalists
CUST00692,2025-08-03,58,3,1850.73,3,1,3,7,At Risk
CUST00693,2025-05-06,147,5,6136.5,2,2,5,9,Potential Loyalists
CUST00694,2025-07-18,74,1,345.14,3,1,1,5,Lost Customers
CUST00695,2025-03-16,198,1,616.85,1,1,1,3,Lost Customers
CUST00696,2025-08-21,40,5,4814.21,4,2,5,11,Loyal Customers
CUST00697,2025-01-26,247,4,3657.69,1,1,4,6,At Risk
CUST00698,2025-09-16,14,8,5318.95,5,3,5,13,Champions
CUST00699,2025-08-14,47,4,2191.5099999999998,3,1,3,7,At Risk
CUST00700,2025-08-12,49,4,3589.62,3,1,4,8,Potential Loyalists
CUST00701,2025-05-31,122,5,6476.26,2,2,5,9,Potential Loyalists
CUST00702,2025-07-15,77,6,8044.75,3,2,5,10,Loyal Customers
CUST00703,2025-06-18,104,1,360.06,2,1,1,4,Lost Customers
CUST00704,2025-09-08,22,4,3057.83,4,1,4,9,Potential Loyalists
CUST00705,2025-09-18,12,1,872.61,5,1,2,8,Potential Loyalists
CUST00706,2025-09-28,2,1,439.07,5,1,1,7,At Risk
CUST00707,2025-03-25,189,3,2254.12,1,1,3,5,Lost Customers
CUST00708,2025-08-16,45,6,5342.67,4,2,5,11,Loyal Customers
CUST00709,2025-05-24,129,1,1966.47,2,1,3,6,At Risk
CUST00710,2025-09-14,16,8,5514.42,5,3,5,13,Champions
CUST00711,2025-09-11,19,8,5430.3,5,3,5,13,Champions
CUST00712,2025-09-26,4,4,1928.79,5,1,3,9,Potential Loyalists
CUST00713,2025-09-27,3,9,9076.15,5,3,5,13,Champions
CUST00714,2025-08-21,40,6,2681.75,4,2,4,10,Loyal Customers
CUST00715,2025-09-05,25,3,954.63,4,1,2,7,At Risk
CUST00716,2025-09-24,6,6,2828.0600000000004,5,2,4,11,Loyal Customers
CUST00717,2025-09-30,0,1,884.85,5,1,2,8,Potential Loyalists
CUST00718,2025-06-05,117,2,697.62,2,1,1,4,Lost Customers
CUST00719,2025-04-15,168,4,2610.39,1,1,4,6,At Risk
CUST00720,2024-12-13,291,5,3086.61,1,2,4,7,At Risk
CUST00721,2025-09-16,14,1,1856.99,5,1,3,9,Potential Loyalists
CUST00722,2025-08-31,30,1,256.54,4,1,1,6,At Risk
CUST00723,2025-07-23,69,1,546.81,3,1,1,5,Lost Customers
CUST00724,2025-09-22,8,2,1014.94,5,1,2,8,Potential Loyalists
CUST00725,2025-05-12,141,3,2162.5,2,1,3,6,At Risk
CUST00726,2025-06-24,98,10,7976.49,2,3,5,10,Loyal Customers
CUST00727,2025-09-22,8,5,3822.01,5,2,4,11,Loyal Customers
CUST00728,2025-07-26,66,1,396.38,3,1,1,5,Lost Customers
CUST00729,2025-05-13,140,1,1324.83,2,1,2,5,Lost Customers
CUST00730,2025-02-10,232,2,1923.08,1,1,3,5,Lost Customers
CUST00731,2025-05-17,136,2,1457.58,2,1,2,5,Lost Customers
CUST00732,2025-09-24,6,1,402.61,5,1,1,7,At Risk
CUST00733,2025-07-26,66,3,1661.19,3,1,3,7,At Risk
CUST00734,2025-07-03,89,5,4981.82,2,2,5,9,Potential Loyalists
CUST00735,2025-09-18,12,4,1973.4,5,1,3,9,Potential Loyalists
CUST00736,2025-07-26,66,3,1727.68,3,1,3,7,At Risk
CUST00737,2025-09-06,24,1,872.88,4,1,2,7,At Risk
CUST00738,2025-07-14,78,1,545.24,3,1,1,5,Lost Customers
CUST00739,2025-09-06,24,1,1047.95,4,1,2,7,At Risk
CUST00740,2025-01-12,261,5,4065.24,1,2,5,8,Potential Loyalists
CUST00741,2025-02-17,225,3,1798.7,1,1,3,5,Lost Customers
CUST00742,2025-08-12,49,2,1288.91,3,1,2,6,At Risk
CUST00743,2025-09-29,1,5,2957.78,5,2,4,11,Loyal Customers
CUST00744,2025-07-27,65,2,1108.58,3,1,2,6,At Risk
CUST00745,2025-09-29,1,1,1077.53,5,1,2,8,Potential Loyalists
CUST00746,2025-04-06,177,2,1625.12,1,1,3,5,Lost Customers
CUST00747,2025-09-19,11,1,1123.87,5,1,2,8,Potential Loyalists
CUST00748,2025-08-03,58,7,4244.5,3,2,5,10,Loyal Customers
CUST00749,2025-09-19,11,2,1514.65,5,1,2,8,Potential Loyalists
CUST00750,2025-08-12,49,3,2474.98,3,1,3,7,At Risk
CUST00751,2025-09-15,15,1,657.24,5,1,1,7,At Risk
CUST00752,2025-06-25,97,2,1319.5500000000002,2,1,2,5,Lost Customers
CUST00753,2025-05-10,143,1,1093.17,2,1,2,5,Lost Customers
CUST00754,2025-08-24,37,2,3639.05,4,1,4,9,Potential Loyalists
CUST00755,2025-03-14,200,2,1585.3600000000001,1,1,3,5,Lost Customers
CUST00756,2025-06-09,113,3,3223.87,2,1,4,7,At Risk
CUST00757,2025-09-22,8,3,1807.24,5,1,3,9,Potential Loyalists
CUST00758,2025-07-14,78,10,6808.01,3,3,5,11,Loyal Customers
CUST00759,2025-08-23,38,2,1562.24,4,1,3,8,Potential Loyalists
CUST00760,2025-04-21,162,2,1132.19,1,1,2,4,Lost Customers
CUST00761,2025-03-21,193,2,1069.58,1,1,2,4,Lost Customers
CUST00762,2025-08-15,46,2,2784.5699999999997,4,1,4,9,Potential Loyalists
CUST00763,2025-03-26,188,4,4210.57,1,1,5,7,At Risk
CUST00764,2025-09-07,23,4,3245.93,4,1,4,9,Potential Loyalists
CUST00765,2025-06-24,98,3,2692.35,2,1,4,7,At Risk
CUST00766,2025-04-17,166,2,1783.35,1,1,3,5,Lost Customers
CUST00767,2025-07-17,75,7,3498.46,3,2,4,9,Potential Loyalists
CUST00768,2025-09-09,21,3,2361.23,4,1,3,8,Potential Loyalists
CUST00769,2025-09-12,18,6,2815.44,5,2,4,11,Loyal Customers
CUST00770,2025-09-03,27,3,2711.16,4,1,4,9,Potential Loyalists
CUST00771,2025-07-02,90,1,456.76,2,1,1,4,Lost Customers
CUST00772,2025-03-24,190,3,3114.63,1,1,4,6,At Risk
CUST00773,2025-07-21,71,3,2278.26,3,1,3,7,At Risk
CUST00774,2025-06-21,101,3,1439.8,2,1,2,5,Lost Customers
CUST00775,2025-09-07,23,1,1298.92,4,1,2,7,At Risk
CUST00776,2025-05-18,135,4,3024.9399999999996,2,1,4,7,At Risk
CUST00777,2025-09-20,10,1,720.41,5,1,1,7,At Risk
CUST00778,2024-11-03,331,4,3444.29,1,1,4,6,At Risk
CUST00779,2025-09-24,6,1,416.15,5,1,1,7,At Risk
CUST00780,2025-08-25,36,4,3232.4,4,1,4,9,Potential Loyalists
CUST00781,2025-08-12,49,1,442.8,3,1,1,5,Lost Customers
CUST00782,2025-03-20,194,1,505.28,1,1,1,3,Lost Customers
CUST00783,2025-02-10,232,6,4123.36,1,2,5,8,Potential Loyalists
CUST00784,2025-08-16,45,5,3103.73,4,2,4,10,Loyal Customers
CUST00785,2025-09-19,11,6,3144.23,5,2,4,11,Loyal Customers
CUST00786,2025-05-03,150,5,5359.3,1,2,5,8,Potential Loyalists
CUST00787,2025-08-13,48,7,5769.13,3,2,5,10,Loyal Customers
CUST00788,2025-08-12,49,1,1408.44,3,1,2,6,At Risk
CUST00789,2025-08-06,55,3,1689.1100000000001,3,1,3,7,At Risk
CUST00790,2025-07-14,78,1,458.83,3,1,1,5,Lost Customers
CUST00791,2025-02-12,230,1,1187.93,1,1,2,4,Lost Customers
CUST00792,2025-05-05,148,6,2976.79,1,2,4,7,At Risk
CUST00793,2025-06-09,113,3,2463.2,2,1,3,6,At Risk
CUST00794,2025-04-12,171,5,2824.37,1,2,4,7,At Risk
CUST00795,2025-05-15,138,4,3787.58,2,1,4,7,At Risk
CUST00796,2025-05-02,151,3,5388.48,1,1,5,7,At Risk
CUST00797,2025-09-21,9,5,2975.27,5,2,4,11,Loyal Customers
CUST00798,2025-08-04,57,10,6339.86,3,3,5,11,Loyal Customers
CUST00799,2025-08-05,56,6,3798.88,3,2,4,9,Potential Loyalists
CUST00800,2025-09-18,12,10,9558.37,5,3,5,13,Champions
CUST00801,2025-07-16,76,3,3345.79,3,1,4,8,Potential Loyalists
CUST00802,2025-03-13,201,1,1787.0,1,1,3,5,Lost Customers
CUST00803,2025-08-08,53,7,5289.43,3,2,5,10,Loyal Customers
CUST00804,2025-09-16,14,1,969.91,5,1,2,8,Potential Loyalists
CUST00805,2025-08-20,41,1,780.79,4,1,2,7,At Risk
CUST00806,2025-09-09,21,1,976.95,4,1,2,7,At Risk
CUST00807,2025-06-10,112,2,1827.0300000000002,2,1,3,6,At Risk
CUST00808,2025-08-08,53,5,2738.81,3,2,4,9,Potential Loyalists
CUST00809,2025-09-08,22,3,1886.26,4,1,3,8,Potential Loyalists
CUST00810,2025-02-25,217,1,528.93,1,1,1,3,Lost Customers
CUST00811,2025-03-30,184,6,3477.9399999999996,1,2,4,7,At Risk
CUST00812,2025-03-25,189,1,383.16,1,1,1,3,Lost Customers
CUST00813,2025-09-25,5,9,9628.83,5,3,5,13,Champions
CUST00814,2025-07-04,88,3,3998.29,2,1,4,7,At Risk
CUST00815,2025-05-16,137,3,3282.1400000000003,2,1,4,7,At Risk
CUST00816,2025-08-02,59,2,2688.92,3,1,4,8,Potential Loyalists
CUST00817,2025-09-21,9,14,11008.85,5,5,5,15,Champions
CUST00818,2025-05-06,147,1,988.84,2,1,2,5,Lost Customers
CUST00819,2025-09-02,28,4,2164.49,4,1,3,8,Potential Loyalists
CUST00820,2025-03-25,189,2,935.6700000000001,1,1,2,4,Lost Customers
CUST00821,2025-06-28,94,3,1248.56,2,1,2,5,Lost Customers
CUST00822,2025-07-16,76,6,4218.62,3,2,5,10,Loyal Customers
CUST00823,2025-05-07,146,8,3291.63,2,3,4,9,Potential Loyalists
CUST00824,2025-09-26,4,4,2566.4900000000002,5,1,4,10,Loyal Customers
CUST00825,2025-06-25,97,1,410.77,2,1,1,4,Lost Customers
CUST00826,2025-04-25,158,10,8171.4,1,3,5,9,Potential Loyalists
CUST00827,2025-08-04,57,1,1699.04,3,1,3,7,At Risk
CUST00828,2025-07-02,90,1,355.91,2,1,1,4,Lost Customers
CUST00829,2025-07-30,62,10,6268.52,3,3,5,11,Loyal Customers
CUST00830,2025-09-11,19,3,1613.9499999999998,5,1,3,9,Potential Loyalists
CUST00831,2025-09-24,6,2,994.8299999999999,5,1,2,8,Potential Loyalists
CUST00832,2025-09-30,0,1,716.8,5,1,1,7,At Risk
CUST00833,2025-07-25,67,1,1142.84,3,1,2,6,At Risk
CUST00834,2025-09-28,2,4,2049.66,5,1,3,9,Potential Loyalists
CUST00835,2025-04-26,157,9,6888.030000000001,1,3,5,9,Potential Loyalists
CUST00836,2025-09-21,9,2,1640.21,5,1,3,9,Potential Loyalists
CUST00837,2025-09-15,15,3,2428.7799999999997,5,1,3,9,Potential Loyalists
CUST00838,2025-09-21,9,6,4291.93,5,2,5,12,Loyal Customers
CUST00839,2025-04-21,162,3,1996.99,1,1,3,5,Lost Customers
CUST00840,2025-08-03,58,10,9432.94,3,3,5,11,Loyal Customers
CUST00841,2025-06-23,99,8,6838.26,2,3,5,10,Loyal Customers
CUST00842,2025-07-21,71,5,5478.280000000001,3,2,5,10,Loyal Customers
CUST00843,2025-08-16,45,1,803.69,4,1,2,7,At Risk
CUST00844,2025-09-11,19,1,410.24,5,1,1,7,At Risk
CUST00845,2025-06-26,96,4,2758.2200000000003,2,1,4,7,At Risk
CUST00846,2025-08-20,41,9,7260.82,4,3,5,12,Loyal Customers
CUST00847,2025-09-26,4,6,6336.01,5,2,5,12,Loyal Customers
CUST00848,2025-09-26,4,2,1094.36,5,1,2,8,Potential Loyalists
CUST00849,2025-09-24,6,7,4218.23,5,2,5,12,Loyal Customers
CUST00850,2025-09-23,7,2,2278.0299999999997,5,1,3,9,Potential Loyalists
CUST00851,2025-09-30,0,2,1188.6200000000001,5,1,2,8,Potential Loyalists
CUST00852,2025-07-26,66,3,1379.6599999999999,3,1,2,6,At Risk
CUST00853,2025-07-31,61,1,318.94,3,1,1,5,Lost Customers
CUST00854,2024-12-25,279,3,2249.63,1,1,3,5,Lost Customers
CUST00855,2024-12-12,292,1,613.47,1,1,1,3,Lost Customers
CUST00856,2025-05-18,135,1,2235.84,2,1,3,6,At Risk
CUST00857,2025-07-25,67,5,5033.19,3,2,5,10,Loyal Customers
CUST00858,2025-07-02,90,3,2363.5299999999997,2,1,3,6,At Risk
CUST00859,2025-04-14,169,4,2159.64,1,1,3,5,Lost Customers
CUST00860,2025-07-13,79,1,1472.26,3,1,2,6,At Risk
CUST00861,2025-04-13,170,3,1530.88,1,1,2,4,Lost Customers
CUST00862,2024-07-04,453,4,3934.7400000000002,1,1,4,6,At Risk
CUST00863,2025-09-05,25,4,2928.87,4,1,4,9,Potential Loyalists
CUST00864,2025-05-15,138,2,1042.98,2,1,2,5,Lost Customers
CUST00865,2025-08-11,50,2,1503.1100000000001,3,1,2,6,At Risk
CUST00866,2025-09-04,26,1,1280.71,4,1,2,7,At Risk
CUST00867,2025-09-15,15,1,424.64,5,1,1,7,At Risk
CUST00868,2025-09-10,20,1,832.57,5,1,2,8,Potential Loyalists
CUST00869,2025-06-29,93,7,4021.25,2,2,4,8,Potential Loyalists
CUST00870,2025-07-06,86,7,5454.610000000001,2,2,5,9,Potential Loyalists
CUST00871,2025-05-31,122,8,7332.96,2,3,5,10,Loyal Customers
CUST00872,2025-05-28,125,3,1959.48,2,1,3,6,At Risk
CUST00873,2025-09-27,3,4,4213.62,5,1,5,11,Loyal Customers
CUST00874,2025-09-09,21,1,511.56,4,1,1,6,At Risk
CUST00875,2025-08-31,30,1,363.1,4,1,1,6,At Risk
CUST00876,2025-08-25,36,3,1392.13,4,1,2,7,At Risk
CUST00877,2025-07-29,63,3,1904.33,3,1,3,7,At Risk
CUST00878,2025-05-19,134,2,2578.68,2,1,4,7,At Risk
CUST00879,2025-04-28,155,6,5967.77,1,2,5,8,Potential Loyalists
CUST00880,2025-09-14,16,4,2399.63,5,1,3,9,Potential Loyalists
CUST00881,2025-09-26,4,8,9492.15,5,3,5,13,Champions
CUST00882,2025-07-07,85,2,894.79,3,1,2,6,At Risk
CUST00883,2025-05-27,126,3,6706.94,2,1,5,8,Potential Loyalists
CUST00884,2025-01-02,271,1,365.93,1,1,1,3,Lost Customers
CUST00885,2025-08-30,31,8,6880.8099999999995,4,3,5,12,Loyal Customers
CUST00886,2025-09-29,1,5,2647.05,5,2,4,11,Loyal Customers
CUST00887,2025-09-21,9,3,2344.2,5,1,3,9,Potential Loyalists
CUST00888,2025-06-14,108,3,2556.74,2,1,3,6,At Risk
CUST00889,2025-08-17,44,3,2012.98,4,1,3,8,Potential Loyalists
CUST00890,2025-09-06,24,1,631.59,4,1,1,6,At Risk
CUST00891,2025-09-17,13,3,3475.43,5,1,4,10,Loyal Customers
CUST00892,2025-09-21,9,1,360.98,5,1,1,7,At Risk
CUST00893,2025-06-23,99,2,2269.27,2,1,3,6,At Risk
CUST00894,2025-09-05,25,2,1903.85,4,1,3,8,Potential Loyalists
CUST00895,2025-08-07,54,4,1415.7,3,1,2,6,At Risk
CUST00896,2025-09-20,10,9,7413.08,5,3,5,13,Champions
CUST00897,2025-09-17,13,1,584.95,5,1,1,7,At Risk
CUST00898,2024-10-26,339,6,4353.639999999999,1,2,5,8,Potential Loyalists
CUST00899,2025-03-27,187,1,574.65,1,1,1,3,Lost Customers
CUST00900,2025-08-03,58,2,1242.65,3,1,2,6,At Risk
CUST00901,2025-08-26,35,4,2025.21,4,1,3,8,Potential Loyalists
CUST00902,2025-09-24,6,1,1318.64,5,1,2,8,Potential Loyalists
CUST00903,2025-08-19,42,1,632.18,4,1,1,6,At Risk
CUST00904,2025-08-20,41,7,5113.860000000001,4,2,5,11,Loyal Customers
CUST00905,2025-08-31,30,5,5594.75,4,2,5,11,Loyal Customers
CUST00906,2025-08-23,38,2,1449.41,4,1,2,7,At Risk
CUST00907,2025-02-22,220,3,2874.51,1,1,4,6,At Risk
CUST00908,2025-09-03,27,2,2799.02,4,1,4,9,Potential Loyalists
CUST00909,2025-03-29,185,1,615.14,1,1,1,3,Lost Customers
CUST00910,2025-05-26,127,1,1239.32,2,1,2,5,Lost Customers
CUST00911,2025-08-31,30,9,5240.42,4,3,5,12,Loyal Customers
CUST00912,2025-05-15,138,2,1516.54,2,1,2,5,Lost Customers
CUST00913,2025-03-31,183,3,1818.9,1,1,3,5,Lost Customers
CUST00914,2025-08-25,36,3,1633.9099999999999,4,1,3,8,Potential Loyalists
CUST00915,2025-06-09,113,4,2277.22,2,1,3,6,At Risk
CUST00916,2025-09-10,20,5,4003.46,5,2,4,11,Loyal Customers
CUST00917,2024-12-18,286,3,1704.79,1,1,3,5,Lost Customers
CUST00918,2025-02-06,236,2,1142.22,1,1,2,4,Lost Customers
CUST00919,2025-09-20,10,2,1976.3400000000001,5,1,3,9,Potential Loyalists
CUST00920,2025-07-26,66,4,3650.77,3,1,4,8,Potential Loyalists
CUST00921,2025-03-19,195,1,1335.06,1,1,2,4,Lost Customers
CUST00922,2025-09-19,11,1,1131.6,5,1,2,8,Potential Loyalists
CUST00923,2025-08-04,57,7,4149.83,3,2,5,10,Loyal Customers
CUST00924,2025-08-17,44,4,3018.21,4,1,4,9,Potential Loyalists
CUST00925,2025-08-17,44,1,464.59,4,1,1,6,At Risk
CUST00926,2025-09-29,1,3,1704.96,5,1,3,9,Potential Loyalists
CUST00927,2024-10-22,343,1,617.86,1,1,1,3,Lost Customers
CUST00928,2025-02-13,229,1,325.55,1,1,1,3,Lost Customers
CUST00929,2025-08-18,43,1,325.51,4,1,1,6,At Risk
CUST00930,2025-08-02,59,4,2336.4900000000002,3,1,3,7,At Risk
CUST00931,2025-08-31,30,1,1030.44,4,1,2,7,At Risk
CUST00932,2025-07-09,83,1,688.68,3,1,1,5,Lost Customers
CUST00933,2025-03-09,205,3,2102.12,1,1,3,5,Lost Customers
CUST00934,2025-08-17,44,10,6237.47,4,3,5,12,Loyal Customers
CUST00935,2025-09-02,28,5,3594.4,4,2,4,10,Loyal Customers
CUST00936,2025-08-26,35,2,2188.31,4,1,3,8,Potential Loyalists
CUST00937,2025-05-27,126,5,3342.44,2,2,4,8,Potential Loyalists
CUST00938,2025-09-04,26,3,4729.23,4,1,5,10,Loyal Customers
CUST00939,2025-09-21,9,1,560.91,5,1,1,7,At Risk
CUST00940,2025-02-06,236,2,1727.24,1,1,3,5,Lost Customers
CUST00941,2025-03-31,183,5,3758.0600000000004,1,2,4,7,At Risk
CUST00942,2025-09-23,7,1,407.18,5,1,1,7,At Risk
CUST00943,2024-10-19,346,5,3965.95,1,2,4,7,At Risk
CUST00944,2025-07-18,74,6,4456.65,3,2,5,10,Loyal Customers
CUST00945,2025-09-26,4,1,1143.18,5,1,2,8,Potential Loyalists
CUST00946,2025-04-10,173,1,542.29,1,1,1,3,Lost Customers
CUST00947,2025-08-20,41,9,8603.45,4,3,5,12,Loyal Customers
CUST00948,2025-07-13,79,1,923.64,3,1,2,6,At Risk
CUST00949,2025-05-23,130,2,1269.04,2,1,2,5,Lost Customers
CUST00950,2025-03-05,209,3,3765.9,1,1,4,6,At Risk
CUST00951,2025-07-30,62,1,602.19,3,1,1,5,Lost Customers
CUST00952,2025-08-19,42,8,4710.47,4,3,5,12,Loyal Customers
CUST00953,2025-09-21,9,3,1925.94,5,1,3,9,Potential Loyalists
CUST00954,2025-09-05,25,2,769.86,4,1,1,6,At Risk
CUST00955,2025-07-29,63,2,748.92,3,1,1,5,Lost Customers
CUST00956,2025-08-30,31,7,5800.25,4,2,5,11,Loyal Customers
CUST00957,2025-08-24,37,3,1481.5,4,1,2,7,At Risk
CUST00958,2025-04-23,160,2,1033.42,1,1,2,4,Lost Customers
CUST00959,2025-07-29,63,7,3865.13,3,2,4,9,Potential Loyalists
CUST00960,2025-05-07,146,4,3772.4900000000002,2,1,4,7,At Risk
CUST00961,2025-05-02,151,6,4247.5599999999995,1,2,5,8,Potential Loyalists
CUST00962,2025-09-08,22,1,349.41,4,1,1,6,At Risk
CUST00963,2025-06-19,103,1,641.2,2,1,1,4,Lost Customers
CUST00964,2025-02-23,219,3,2167.08,1,1,3,5,Lost Customers
CUST00965,2025-09-22,8,2,507.14,5,1,1,7,At Risk
CUST00966,2025-08-21,40,1,2196.79,4,1,3,8,Potential Loyalists
CUST00967,2025-02-24,218,2,2065.27,1,1,3,5,Lost Customers
CUST00968,2025-06-24,98,6,6505.79,2,2,5,9,Potential Loyalists
CUST00969,2025-08-30,31,4,2654.59,4,1,4,9,Potential Loyalists
CUST00970,2025-03-26,188,3,1607.64,1,1,3,5,Lost Customers
CUST00971,2025-07-30,62,8,5099.62,3,3,5,11,Loyal Customers
CUST00972,2025-07-28,64,5,5941.2,3,2,5,10,Loyal Customers
CUST00973,2025-09-08,22,7,2980.9700000000003,4,2,4,10,Loyal Customers
CUST00974,2025-07-13,79,5,3559.55,3,2,4,9,Potential Loyalists
CUST00975,2025-08-11,50,4,2517.6099999999997,3,1,3,7,At Risk
CUST00976,2025-09-25,5,7,5735.389999999999,5,2,5,12,Loyal Customers
CUST00977,2025-09-25,5,2,1375.4499999999998,5,1,2,8,Potential Loyalists
CUST00978,2024-11-27,307,1,725.16,1,1,1,3,Lost Customers
CUST00979,2025-06-19,103,8,6304.8099999999995,2,3,5,10,Loyal Customers
CUST00980,2025-07-11,81,1,492.33,3,1,1,5,Lost Customers
CUST00981,2025-06-19,103,8,6263.0,2,3,5,10,Loyal Customers
CUST00982,2025-07-02,90,4,1862.8899999999999,2,1,3,6,At Risk
CUST00983,2025-01-17,256,2,1982.29,1,1,3,5,Lost Customers
CUST00984,2025-08-17,44,2,1055.25,4,1,2,7,At Risk
CUST00985,2025-07-07,85,1,734.6,3,1,1,5,Lost Customers
CUST00986,2025-07-30,62,5,3357.17,3,2,4,9,Potential Loyalists
CUST00987,2025-09-23,7,5,5784.1,5,2,5,12,Loyal Customers
CUST00988,2025-09-27,3,6,4188.58,5,2,5,12,Loyal Customers
CUST00989,2025-04-25,158,5,4165.87,1,2,5,8,Potential Loyalists
CUST00990,2025-04-16,167,8,6096.85,1,3,5,9,Potential Loyalists
CUST00991,2025-08-20,41,11,11394.83,4,4,5,13,Champions
CUST00992,2025-01-01,272,5,4442.45,1,2,5,8,Potential Loyalists
CUST00993,2025-04-19,164,7,6785.33,1,2,5,8,Potential Loyalists
CUST00994,2025-08-09,52,5,4659.69,3,2,5,10,Loyal Customers
CUST00995,2025-04-24,159,4,2523.84,1,1,3,5,Lost Customers
CUST00996,2025-09-22,8,6,3267.7200000000003,5,2,4,11,Loyal Customers
CUST00997,2025-04-03,180,1,325.85,1,1,1,3,Lost Customers
CUST00998,2025-07-29,63,4,3519.26,3,1,4,8,Potential Loyalists
CUST00999,2025-05-05,148,7,4930.56,1,2,5,8,Potential Loyalists
CUST01000,2025-08-09,52,3,2789.66,3,1,4,8,Potential Loyalists
CUST01001,2024-11-21,313,5,4064.54,1,2,5,8,Potential Loyalists
CUST01002,2025-07-21,71,5,2761.33,3,2,4,9,Potential Loyalists
CUST01003,2025-05-15,138,1,944.62,2,1,2,5,Lost Customers
CUST01004,2025-02-27,215,7,5599.9,1,2,5,8,Potential Loyalists
CUST01005,2025-05-09,144,1,1329.67,2,1,2,5,Lost Customers
CUST01006,2025-09-26,4,1,404.58,5,1,1,7,At Risk
CUST01007,2025-07-06,86,4,1916.8200000000002,2,1,3,6,At Risk
CUST01008,2025-01-04,269,1,473.15,1,1,1,3,Lost Customers
CUST01009,2025-08-20,41,1,334.39,4,1,1,6,At Risk
CUST01010,2025-09-08,22,1,531.29,4,1,1,6,At Risk
CUST01011,2024-09-30,365,4,1951.66,1,1,3,5,Lost Customers
CUST01012,2025-08-31,30,4,2561.7,4,1,4,9,Potential Loyalists
CUST01013,2024-11-27,307,2,1302.3899999999999,1,1,2,4,Lost Customers
CUST01014,2025-05-16,137,7,3972.09,2,2,4,8,Potential Loyalists
CUST01015,2025-08-22,39,3,1760.74,4,1,3,8,Potential Loyalists
CUST01016,2025-09-30,0,2,879.1499999999999,5,1,2,8,Potential Loyalists
CUST01017,2025-05-20,133,5,4886.54,2,2,5,9,Potential Loyalists
CUST01018,2025-09-26,4,1,403.76,5,1,1,7,At Risk
CUST01019,2024-12-14,290,2,1151.0900000000001,1,1,2,4,Lost Customers
CUST01020,2025-05-22,131,1,236.73,2,1,1,4,Lost Customers
CUST01021,2025-09-15,15,2,1013.42,5,1,2,8,Potential Loyalists
CUST01022,2025-01-21,252,2,1528.4,1,1,2,4,Lost Customers
CUST01023,2025-03-10,204,1,948.21,1,1,2,4,Lost Customers
CUST01024,2025-09-10,20,1,370.39,5,1,1,7,At Risk
CUST01025,2025-09-01,29,5,6092.71,4,2,5,11,Loyal Customers
CUST01026,2025-07-27,65,2,759.58,3,1,1,5,Lost Customers
CUST01027,2025-08-03,58,4,4029.9500000000003,3,1,5,9,Potential Loyalists
CUST01028,2025-04-10,173,1,2809.6,1,1,4,6,At Risk
CUST01029,2025-06-12,110,3,1246.4,2,1,2,5,Lost Customers
CUST01030,2025-08-29,32,11,8329.47,4,4,5,13,Champions
CUST01031,2025-04-09,174,5,3089.5600000000004,1,2,4,7,At Risk
CUST01032,2025-09-19,11,1,624.38,5,1,1,7,At Risk
CUST01033,2025-09-16,14,10,5486.38,5,3,5,13,Champions
CUST01034,2025-06-22,100,9,5240.5599999999995,2,3,5,10,Loyal Customers
CUST01035,2025-09-25,5,7,3702.49,5,2,4,11,Loyal Customers
CUST01036,2025-05-12,141,6,5297.63,2,2,5,9,Potential Loyalists
CUST01037,2025-09-22,8,1,681.83,5,1,1,7,At Risk
CUST01038,2025-08-09,52,4,1834.46,3,1,3,7,At Risk
CUST01039,2025-05-24,129,3,1893.67,2,1,3,6,At Risk
CUST01040,2025-05-23,130,1,594.23,2,1,1,4,Lost Customers
CUST01041,2025-04-19,164,1,149.0,1,1,1,3,Lost Customers
CUST01042,2025-09-30,0,1,610.96,5,1,1,7,At Risk
CUST01043,2025-07-18,74,1,464.25,3,1,1,5,Lost Customers
CUST01044,2025-07-08,84,1,2141.49,3,1,3,7,At Risk
CUST01045,2025-05-10,143,2,1560.91,2,1,3,6,At Risk
CUST01046,2025-06-17,105,1,1032.89,2,1,2,5,Lost Customers
CUST01047,2025-05-04,149,1,389.07,1,1,1,3,Lost Customers
CUST01048,2025-05-25,128,1,616.59,2,1,1,4,Lost Customers
CUST01049,2025-05-09,144,1,345.2,2,1,1,4,Lost Customers
CUST01050,2025-09-25,5,2,1629.56,5,1,3,9,Potential Loyalists
CUST01051,2025-06-19,103,2,1390.63,2,1,2,5,Lost Customers
CUST01052,2025-04-10,173,1,763.75,1,1,1,3,Lost Customers
CUST01053,2025-05-07,146,2,2622.57,2,1,4,7,At Risk
CUST01054,2025-04-07,176,5,2628.9300000000003,1,2,4,7,At Risk
CUST01055,2025-03-08,206,4,4625.5599999999995,1,1,5,7,At Risk
CUST01056,2025-07-28,64,6,4860.58,3,2,5,10,Loyal Customers
CUST01057,2025-09-28,2,1,916.36,5,1,2,8,Potential Loyalists
CUST01058,2025-06-12,110,3,1535.77,2,1,2,5,Lost Customers
CUST01059,2025-05-07,146,1,601.72,2,1,1,4,Lost Customers
CUST01060,2025-08-09,52,2,1762.54,3,1,3,7,At Risk
CUST01061,2025-09-28,2,3,1789.86,5,1,3,9,Potential Loyalists
CUST01062,2024-12-10,294,5,2991.27,1,2,4,7,At Risk
CUST01063,2025-09-10,20,1,259.22,5,1,1,7,At Risk
CUST01064,2025-09-24,6,2,898.3599999999999,5,1,2,8,Potential Loyalists
CUST01065,2025-09-27,3,2,1035.32,5,1,2,8,Potential Loyalists
CUST01066,2025-09-19,11,1,816.92,5,1,2,8,Potential Loyalists
CUST01067,2025-09-05,25,2,1043.57,4,1,2,7,At Risk
CUST01068,2025-05-23,130,5,3945.95,2,2,4,8,Potential Loyalists
CUST01069,2025-08-06,55,1,1446.51,3,1,2,6,At Risk
CUST01070,2025-09-19,11,8,5227.41,5,3,5,13,Champions
CUST01071,2025-09-16,14,1,690.61,5,1,1,7,At Risk
CUST01072,2025-03-31,183,1,377.27,1,1,1,3,Lost Customers
CUST01073,2025-07-12,80,3,4033.7000000000003,3,1,5,9,Potential Loyalists
CUST01074,2025-06-08,114,3,1784.42,2,1,3,6,At Risk
CUST01075,2025-09-04,26,2,1464.29,4,1,2,7,At Risk
CUST01076,2025-07-09,83,6,2467.42,3,2,3,8,Potential Loyalists
CUST01077,2025-07-24,68,1,1080.77,3,1,2,6,At Risk
CUST01078,2025-04-27,156,2,777.22,1,1,2,4,Lost Customers
CUST01079,2025-04-06,177,1,1832.92,1,1,3,5,Lost Customers
CUST01080,2025-06-05,117,3,1250.62,2,1,2,5,Lost Customers
CUST01081,2025-09-11,19,4,4027.1899999999996,5,1,5,11,Loyal Customers
CUST01082,2025-08-26,35,1,1181.66,4,1,2,7,At Risk
CUST01083,2025-02-06,236,2,767.05,1,1,1,3,Lost Customers
CUST01084,2025-07-16,76,8,4552.1900000000005,3,3,5,11,Loyal Customers
CUST01085,2024-10-07,358,1,1786.06,1,1,3,5,Lost Customers
CUST01086,2025-07-21,71,5,3512.67,3,2,4,9,Potential Loyalists
CUST01087,2025-09-28,2,1,839.43,5,1,2,8,Potential Loyalists
CUST01088,2025-09-30,0,1,361.44,5,1,1,7,At Risk
CUST01089,2025-09-05,25,1,337.51,4,1,1,6,At Risk
CUST01090,2025-05-09,144,2,1200.77,2,1,2,5,Lost Customers
CUST01091,2025-07-05,87,1,505.4,2,1,1,4,Lost Customers
CUST01092,2025-03-18,196,9,7556.9,1,3,5,9,Potential Loyalists
CUST01093,2024-12-19,285,3,1477.44,1,1,2,4,Lost Customers
CUST01094,2025-07-20,72,6,4050.79,3,2,5,10,Loyal Customers
CUST01095,2025-08-20,41,2,1152.1100000000001,4,1,2,7,At Risk
CUST01096,2025-09-27,3,6,4814.21,5,2,5,12,Loyal Customers
CUST01097,2025-02-09,233,5,2841.22,1,2,4,7,At Risk
CUST01098,2025-03-16,198,2,1964.25,1,1,3,5,Lost Customers
CUST01099,2025-09-16,14,10,6243.88,5,3,5,13,Champions
CUST01100,2025-09-06,24,1,491.36,4,1,1,6,At Risk
CUST01101,2025-09-20,10,1,732.91,5,1,1,7,At Risk
CUST01102,2025-07-13,79,7,4318.54,3,2,5,10,Loyal Customers
CUST01103,2025-07-16,76,4,2384.85,3,1,3,7,At Risk
CUST01104,2025-06-23,99,4,2069.01,2,1,3,6,At Risk
CUST01105,2025-07-08,84,3,1353.63,3,1,2,6,At Risk
CUST01106,2025-07-11,81,1,1006.69,3,1,2,6,At Risk
CUST01107,2025-07-01,91,2,980.0699999999999,2,1,2,5,Lost Customers
CUST01108,2025-08-21,40,4,2883.75,4,1,4,9,Potential Loyalists
CUST01109,2025-09-05,25,1,304.94,4,1,1,6,At Risk
CUST01110,2025-01-13,260,6,3554.06,1,2,4,7,At Risk
CUST01111,2025-06-27,95,7,7703.55,2,2,5,9,Potential Loyalists
CUST01112,2025-08-04,57,4,2800.7700000000004,3,1,4,8,Potential Loyalists
CUST01113,2025-06-15,107,4,1674.12,2,1,3,6,At Risk
CUST01114,2025-05-06,147,1,831.94,2,1,2,5,Lost Customers
CUST01115,2025-09-13,17,10,6722.41,5,3,5,13,Champions
CUST01116,2025-08-07,54,1,2054.97,3,1,3,7,At Risk
CUST01117,2025-08-19,42,8,5543.8,4,3,5,12,Loyal Customers
CUST01118,2025-04-13,170,5,2165.5,1,2,3,6,At Risk
CUST01119,2025-05-29,124,1,654.67,2,1,1,4,Lost Customers
CUST01120,2025-07-31,61,3,2357.69,3,1,3,7,At Risk
CUST01121,2025-07-04,88,1,149.0,2,1,1,4,Lost Customers
CUST01122,2025-09-24,6,1,1209.05,5,1,2,8,Potential Loyalists
CUST01123,2025-04-01,182,2,958.69,1,1,2,4,Lost Customers
CUST01124,2025-04-11,172,9,5960.1,1,3,5,9,Potential Loyalists
CUST01125,2025-01-28,245,5,4034.96,1,2,5,8,Potential Loyalists
CUST01126,2025-09-14,16,2,2073.54,5,1,3,9,Potential Loyalists
CUST01127,2025-05-23,130,2,774.6899999999999,2,1,1,4,Lost Customers
CUST01128,2025-04-01,182,1,1108.73,1,1,2,4,Lost Customers
CUST01129,2025-04-26,157,1,675.97,1,1,1,3,Lost Customers
CUST01130,2025-06-23,99,4,2506.58,2,1,3,6,At Risk
CUST01131,2025-09-08,22,4,3713.8100000000004,4,1,4,9,Potential Loyalists
CUST01132,2025-09-26,4,6,5419.860000000001,5,2,5,12,Loyal Customers
CUST01133,2025-08-25,36,2,779.1500000000001,4,1,2,7,At Risk
CUST01134,2025-07-14,78,6,5861.26,3,2,5,10,Loyal Customers
CUST01135,2025-06-29,93,3,3302.06,2,1,4,7,At Risk
CUST01136,2025-06-25,97,7,3931.0,2,2,4,8,Potential Loyalists
CUST01137,2025-06-07,115,3,1483.05,2,1,2,5,Lost Customers
CUST01138,2025-05-19,134,5,2475.44,2,2,3,7,At Risk
CUST01139,2025-09-09,21,1,2270.63,4,1,3,8,Potential Loyalists
CUST01140,2025-09-08,22,6,4791.77,4,2,5,11,Loyal Customers
CUST01141,2025-06-07,115,1,691.6,2,1,1,4,Lost Customers
CUST01142,2025-08-21,40,2,1015.4200000000001,4,1,2,7,At Risk
CUST01143,2025-09-30,0,1,438.47,5,1,1,7,At Risk
CUST01144,2025-08-23,38,3,3548.18,4,1,4,9,Potential Loyalists
CUST01145,2025-03-31,183,3,1800.48,1,1,3,5,Lost Customers
CUST01146,2025-09-07,23,6,5057.68,4,2,5,11,Loyal Customers
CUST01147,2025-09-29,1,5,3143.68,5,2,4,11,Loyal Customers
CUST01148,2025-05-25,128,9,6527.14,2,3,5,10,Loyal Customers
CUST01149,2025-07-20,72,6,3722.95,3,2,4,9,Potential Loyalists
CUST01150,2025-04-16,167,5,2478.69,1,2,3,6,At Risk
CUST01151,2025-06-17,105,4,3131.54,2,1,4,7,At Risk
CUST01152,2025-09-29,1,7,6158.0599999999995,5,2,5,12,Loyal Customers
CUST01153,2025-08-28,33,1,714.43,4,1,1,6,At Risk
CUST01154,2025-08-06,55,4,2889.22,3,1,4,8,Potential Loyalists
CUST01155,2025-09-29,1,4,2257.0899999999997,5,1,3,9,Potential Loyalists
CUST01156,2025-09-23,7,4,2151.96,5,1,3,9,Potential Loyalists
CUST01157,2025-09-30,0,5,3696.5,5,2,4,11,Loyal Customers
CUST01158,2025-08-19,42,3,3891.19,4,1,4,9,Potential Loyalists
CUST01159,2025-07-24,68,5,3132.18,3,2,4,9,Potential Loyalists
CUST01160,2025-04-17,166,3,1700.8000000000002,1,1,3,5,Lost Customers
CUST01161,2025-04-29,154,5,4953.99,1,2,5,8,Potential Loyalists
CUST01162,2025-04-08,175,2,2483.96,1,1,3,5,Lost Customers
CUST01163,2024-09-20,375,1,379.14,1,1,1,3,Lost Customers
CUST01164,2025-08-24,37,1,965.68,4,1,2,7,At Risk
CUST01165,2025-04-28,155,2,1690.75,1,1,3,5,Lost Customers
CUST01166,2025-08-20,41,4,3104.76,4,1,4,9,Potential Loyalists
CUST01167,2025-09-07,23,8,5924.16,4,3,5,12,Loyal Customers
CUST01168,2025-09-16,14,1,510.5,5,1,1,7,At Risk
CUST01169,2025-08-07,54,1,1183.74,3,1,2,6,At Risk
CUST01170,2025-05-14,139,2,1210.01,2,1,2,5,Lost Customers
CUST01171,2025-05-21,132,1,744.73,2,1,1,4,Lost Customers
CUST01172,2025-09-03,27,9,7960.78,4,3,5,12,Loyal Customers
CUST01173,2025-07-14,78,5,3912.61,3,2,4,9,Potential Loyalists
CUST01174,2025-07-03,89,3,1722.3700000000001,2,1,3,6,At Risk
CUST01175,2025-08-13,48,8,5633.0,3,3,5,11,Loyal Customers
CUST01176,2025-02-27,215,1,149.0,1,1,1,3,Lost Customers
CUST01177,2025-08-05,56,3,2144.58,3,1,3,7,At Risk
CUST01178,2025-07-25,67,3,1298.14,3,1,2,6,At Risk
CUST01179,2025-06-14,108,1,536.83,2,1,1,4,Lost Customers
CUST01180,2025-09-07,23,2,2328.54,4,1,3,8,Potential Loyalists
CUST01181,2025-05-16,137,1,296.32,2,1,1,4,Lost Customers
CUST01182,2025-06-14,108,4,3106.33,2,1,4,7,At Risk
CUST01183,2025-09-24,6,3,1498.98,5,1,2,8,Potential Loyalists
CUST01184,2025-08-31,30,4,2161.4,4,1,3,8,Potential Loyalists
CUST01185,2025-09-07,23,6,5763.86,4,2,5,11,Loyal Customers
CUST01186,2025-04-30,153,3,2962.35,1,1,4,6,At Risk
CUST01187,2025-09-04,26,3,1729.96,4,1,3,8,Potential Loyalists
CUST01188,2025-06-30,92,2,688.52,2,1,1,4,Lost Customers
CUST01189,2025-04-22,161,3,3126.0299999999997,1,1,4,6,At Risk
CUST01190,2025-09-03,27,4,2968.92,4,1,4,9,Potential Loyalists
CUST01191,2025-08-09,52,1,510.71,3,1,1,5,Lost Customers
CUST01192,2025-09-06,24,4,2428.7599999999998,4,1,3,8,Potential Loyalists
CUST01193,2024-06-30,457,1,270.13,1,1,1,3,Lost Customers
CUST01194,2025-07-07,85,3,1852.1599999999999,3,1,3,7,At Risk
CUST01195,2025-06-28,94,1,542.27,2,1,1,4,Lost Customers
CUST01196,2025-06-11,111,3,3110.08,2,1,4,7,At Risk
CUST01197,2025-07-15,77,2,406.22,3,1,1,5,Lost Customers
CUST01198,2025-08-30,31,1,592.73,4,1,1,6,At Risk
CUST01199,2024-10-06,359,3,2144.4,1,1,3,5,Lost Customers
CUST01200,2025-08-03,58,1,524.27,3,1,1,5,Lost Customers
CUST01201,2025-04-25,158,7,5885.4,1,2,5,8,Potential Loyalists
CUST01202,2025-05-21,132,1,650.67,2,1,1,4,Lost Customers
CUST01203,2025-08-01,60,2,584.44,3,1,1,5,Lost Customers
CUST01204,2025-07-11,81,7,4565.2699999999995,3,2,5,10,Loyal Customers
CUST01205,2025-01-11,262,4,1861.62,1,1,3,5,Lost Customers
CUST01206,2025-07-19,73,1,819.46,3,1,2,6,At Risk
CUST01207,2025-06-12,110,2,638.4200000000001,2,1,1,4,Lost Customers
CUST01208,2025-06-27,95,3,1407.5300000000002,2,1,2,5,Lost Customers
CUST01209,2025-09-16,14,6,2839.8,5,2,4,11,Loyal Customers
CUST01210,2025-01-07,266,1,429.55,1,1,1,3,Lost Customers
CUST01211,2025-09-25,5,5,3668.5099999999998,5,2,4,11,Loyal Customers
CUST01212,2025-09-10,20,6,5551.95,5,2,5,12,Loyal Customers
CUST01213,2025-04-20,163,1,492.41,1,1,1,3,Lost Customers
CUST01214,2025-05-29,124,4,5584.12,2,1,5,8,Potential Loyalists
CUST01215,2025-07-12,80,4,3464.2299999999996,3,1,4,8,Potential Loyalists
CUST01216,2025-06-15,107,1,1022.33,2,1,2,5,Lost Customers
CUST01217,2025-04-20,163,2,1295.0,1,1,2,4,Lost Customers
CUST01218,2025-09-30,0,5,3872.15,5,2,4,11,Loyal Customers
CUST01219,2025-07-06,86,2,832.04,2,1,2,5,Lost Customers
CUST01220,2025-06-24,98,1,1095.74,2,1,2,5,Lost Customers
CUST01221,2025-09-17,13,1,405.2,5,1,1,7,At Risk
CUST01222,2025-09-12,18,1,1199.39,5,1,2,8,Potential Loyalists
CUST01223,2025-06-04,118,6,3738.91,2,2,4,8,Potential Loyalists
CUST01224,2025-08-28,33,1,1005.1,4,1,2,7,At Risk
CUST01225,2025-06-25,97,1,620.28,2,1,1,4,Lost Customers
CUST01226,2025-08-24,37,4,2967.87,4,1,4,9,Potential Loyalists
CUST01227,2025-08-18,43,5,2824.19,4,2,4,10,Loyal Customers
CUST01228,2025-03-02,212,4,2998.23,1,1,4,6,At Risk
CUST01229,2025-05-06,147,4,1965.74,2,1,3,6,At Risk
CUST01230,2025-06-10,112,2,1398.63,2,1,2,5,Lost Customers
CUST01231,2025-02-16,226,1,872.98,1,1,2,4,Lost Customers
CUST01232,2025-03-31,183,2,906.6800000000001,1,1,2,4,Lost Customers
CUST01233,2025-07-28,64,7,6627.36,3,2,5,10,Loyal Customers
CUST01234,2025-06-07,115,3,2999.91,2,1,4,7,At Risk
CUST01235,2025-04-22,161,5,3111.29,1,2,4,7,At Risk
CUST01236,2025-09-24,6,10,5515.45,5,3,5,13,Champions
CUST01237,2025-06-19,103,3,1474.19,2,1,2,5,Lost Customers
CUST01238,2025-07-24,68,6,4787.57,3,2,5,10,Loyal Customers
CUST01239,2025-03-21,193,1,592.44,1,1,1,3,Lost Customers
CUST01240,2025-09-11,19,1,434.11,5,1,1,7,At Risk
CUST01241,2025-08-23,38,1,185.08,4,1,1,6,At Risk
CUST01242,2025-09-01,29,9,10650.67,4,3,5,12,Loyal Customers
CUST01243,2025-07-18,74,3,1470.48,3,1,2,6,At Risk
CUST01244,2025-08-27,34,5,3977.53,4,2,4,10,Loyal Customers
CUST01245,2025-01-18,255,2,1283.42,1,1,2,4,Lost Customers
CUST01246,2025-01-11,262,3,2938.8999999999996,1,1,4,6,At Risk
CUST01247,2025-09-27,3,1,1439.66,5,1,2,8,Potential Loyalists
CUST01248,2025-06-19,103,1,1386.38,2,1,2,5,Lost Customers
CUST01249,2025-08-04,57,4,2733.47,3,1,4,8,Potential Loyalists
CUST01250,2025-04-08,175,1,612.27,1,1,1,3,Lost Customers
CUST01251,2025-08-09,52,11,6352.58,3,4,5,12,Loyal Customers
CUST01252,2025-08-23,38,4,2575.58,4,1,4,9,Potential Loyalists
CUST01253,2025-06-23,99,2,2035.62,2,1,3,6,At Risk
CUST01254,2025-07-16,76,2,2465.71,3,1,3,7,At Risk
CUST01255,2025-07-14,78,1,2060.75,3,1,3,7,At Risk
CUST01256,2024-12-18,286,1,564.83,1,1,1,3,Lost Customers
CUST01257,2025-09-03,27,5,3430.98,4,2,4,10,Loyal Customers
CUST01258,2025-01-23,250,7,4454.38,1,2,5,8,Potential Loyalists
CUST01259,2025-06-28,94,6,4645.31,2,2,5,9,Potential Loyalists
CUST01260,2025-09-21,9,1,913.67,5,1,2,8,Potential Loyalists
CUST01261,2025-09-12,18,1,345.05,5,1,1,7,At Risk
CUST01262,2025-09-05,25,1,195.09,4,1,1,6,At Risk
CUST01263,2025-08-29,32,9,6440.45,4,3,5,12,Loyal Customers
CUST01264,2025-08-10,51,2,2890.16,3,1,4,8,Potential Loyalists
CUST01265,2025-09-15,15,2,1398.17,5,1,2,8,Potential Loyalists
CUST01266,2025-08-10,51,6,4779.33,3,2,5,10,Loyal Customers
CUST01267,2025-08-03,58,8,5703.88,3,3,5,11,Loyal Customers
CUST01268,2025-09-11,19,7,6083.44,5,2,5,12,Loyal Customers
CUST01269,2025-08-04,57,1,534.09,3,1,1,5,Lost Customers
CUST01270,2025-08-04,57,1,309.87,3,1,1,5,Lost Customers
CUST01271,2025-09-18,12,1,529.98,5,1,1,7,At Risk
CUST01272,2025-08-17,44,1,1860.0,4,1,3,8,Potential Loyalists
CUST01273,2025-05-04,149,2,1602.01,1,1,3,5,Lost Customers
CUST01274,2025-09-05,25,7,5246.08,4,2,5,11,Loyal Customers
CUST01275,2025-08-27,34,3,2647.93,4,1,4,9,Potential Loyalists
CUST01276,2025-06-02,120,4,2151.47,2,1,3,6,At Risk
CUST01277,2025-06-23,99,5,3500.13,2,2,4,8,Potential Loyalists
CUST01278,2025-07-27,65,4,2385.52,3,1,3,7,At Risk
CUST01279,2025-06-21,101,1,1494.42,2,1,2,5,Lost Customers
CUST01280,2025-08-26,35,8,8071.46,4,3,5,12,Loyal Customers
CUST01281,2025-02-27,215,3,1971.02,1,1,3,5,Lost Customers
CUST01282,2025-07-14,78,1,499.65,3,1,1,5,Lost Customers
CUST01283,2025-08-21,40,10,6697.49,4,3,5,12,Loyal Customers
CUST01284,2025-03-22,192,5,4033.89,1,2,5,8,Potential Loyalists
CUST01285,2025-05-29,124,8,6478.76,2,3,5,10,Loyal Customers
CUST01286,2025-02-16,226,3,2241.96,1,1,3,5,Lost Customers
CUST01287,2025-07-03,89,3,1584.08,2,1,3,6,At Risk
CUST01288,2025-05-21,132,1,486.14,2,1,1,4,Lost Customers
CUST01289,2025-09-27,3,1,742.76,5,1,1,7,At Risk
CUST01290,2025-08-08,53,2,1164.42,3,1,2,6,At Risk
CUST01291,2025-03-21,193,4,2476.76,1,1,3,5,Lost Customers
CUST01292,2025-08-20,41,2,2412.52,4,1,3,8,Potential Loyalists
CUST01293,2025-09-15,15,7,5039.13,5,2,5,12,Loyal Customers
CUST01294,2025-09-27,3,1,750.26,5,1,1,7,At Risk
CUST01295,2025-06-01,121,4,12408.61,2,1,5,8,Potential Loyalists
CUST01296,2025-09-14,16,2,1024.56,5,1,2,8,Potential Loyalists
CUST01297,2025-09-28,2,4,1798.5700000000002,5,1,3,9,Potential Loyalists
CUST01298,2024-11-05,329,4,1161.46,1,1,2,4,Lost Customers
CUST01299,2025-04-12,171,3,2011.06,1,1,3,5,Lost Customers
CUST01300,2025-08-15,46,7,4203.76,4,2,5,11,Loyal Customers
CUST01301,2025-07-07,85,4,1662.8999999999999,3,1,3,7,At Risk
CUST01302,2025-09-29,1,8,6399.610000000001,5,3,5,13,Champions
CUST01303,2025-09-10,20,2,1442.63,5,1,2,8,Potential Loyalists
CUST01304,2025-09-03,27,5,2476.58,4,2,3,9,Potential Loyalists
CUST01305,2025-08-11,50,1,311.4,3,1,1,5,Lost Customers
CUST01306,2025-08-07,54,6,7388.34,3,2,5,10,Loyal Customers
CUST01307,2025-02-08,234,2,1179.22,1,1,2,4,Lost Customers
CUST01308,2025-06-03,119,3,2085.04,2,1,3,6,At Risk
CUST01309,2025-07-19,73,6,3102.24,3,2,4,9,Potential Loyalists
CUST01310,2025-05-14,139,5,4044.83,2,2,5,9,Potential Loyalists
CUST01311,2025-08-18,43,5,3799.01,4,2,4,10,Loyal Customers
CUST01312,2025-09-16,14,5,4551.03,5,2,5,12,Loyal Customers
CUST01313,2025-09-26,4,6,7482.84,5,2,5,12,Loyal Customers
CUST01314,2025-09-29,1,5,4109.4400000000005,5,2,5,12,Loyal Customers
CUST01315,2025-02-20,222,1,473.31,1,1,1,3,Lost Customers
CUST01316,2025-06-02,120,1,407.44,2,1,1,4,Lost Customers
CUST01317,2025-01-17,256,4,3389.0,1,1,4,6,At Risk
CUST01318,2025-05-23,130,2,911.45,2,1,2,5,Lost Customers
CUST01319,2025-06-11,111,1,336.29,2,1,1,4,Lost Customers
CUST01320,2025-05-03,150,3,1828.6799999999998,1,1,3,5,Lost Customers
CUST01321,2025-06-23,99,6,2320.32,2,2,3,7,At Risk
CUST01322,2025-06-26,96,4,3476.6,2,1,4,7,At Risk
CUST01323,2024-12-28,276,3,1273.29,1,1,2,4,Lost Customers
CUST01324,2025-02-15,227,1,967.23,1,1,2,4,Lost Customers
CUST01325,2025-03-28,186,5,5492.81,1,2,5,8,Potential Loyalists
CUST01326,2025-05-22,131,3,4393.63,2,1,5,8,Potential Loyalists
CUST01327,2025-07-09,83,5,6114.08,3,2,5,10,Loyal Customers
CUST01328,2025-08-07,54,2,2001.3,3,1,3,7,At Risk
CUST01329,2025-07-31,61,3,1252.03,3,1,2,6,At Risk
CUST01330,2025-09-27,3,5,5048.89,5,2,5,12,Loyal Customers
CUST01331,2025-09-16,14,6,5693.12,5,2,5,12,Loyal Customers
CUST01332,2025-09-13,17,4,3364.3,5,1,4,10,Loyal Customers
CUST01333,2025-08-14,47,1,420.65,3,1,1,5,Lost Customers
CUST01334,2025-04-23,160,4,2962.17,1,1,4,6,At Risk
CUST01335,2025-07-17,75,5,4082.9100000000003,3,2,5,10,Loyal Customers
CUST01336,2025-09-29,1,2,910.6700000000001,5,1,2,8,Potential Loyalists
CUST01337,2025-08-12,49,1,793.95,3,1,2,6,At Risk
CUST01338,2025-09-23,7,1,232.88,5,1,1,7,At Risk
CUST01339,2025-04-21,162,1,450.33,1,1,1,3,Lost Customers
CUST01340,2025-07-16,76,1,624.33,3,1,1,5,Lost Customers
CUST01341,2025-08-23,38,1,395.13,4,1,1,6,At Risk
CUST01342,2025-07-08,84,3,2125.98,3,1,3,7,At Risk
CUST01343,2025-09-26,4,6,3668.71,5,2,4,11,Loyal Customers
CUST01344,2024-08-31,395,1,1054.04,1,1,2,4,Lost Customers
CUST01345,2025-08-23,38,1,2465.11,4,1,3,8,Potential Loyalists
CUST01346,2025-08-23,38,10,6605.54,4,3,5,12,Loyal Customers
CUST01347,2025-05-25,128,1,316.63,2,1,1,4,Lost Customers
CUST01348,2025-05-13,140,4,2160.61,2,1,3,6,At Risk
CUST01349,2025-07-09,83,2,2446.67,3,1,3,7,At Risk
CUST01350,2025-03-24,190,2,1242.73,1,1,2,4,Lost Customers
CUST01351,2025-08-31,30,1,542.87,4,1,1,6,At Risk
CUST01352,2025-05-30,123,7,5877.57,2,2,5,9,Potential Loyalists
CUST01353,2025-07-19,73,1,597.26,3,1,1,5,Lost Customers
CUST01354,2025-09-28,2,2,1041.99,5,1,2,8,Potential Loyalists
CUST01355,2025-07-04,88,1,547.04,2,1,1,4,Lost Customers
CUST01356,2025-08-19,42,2,1149.21,4,1,2,7,At Risk
CUST01357,2025-05-27,126,6,4681.22,2,2,5,9,Potential Loyalists
CUST01358,2025-09-12,18,1,862.52,5,1,2,8,Potential Loyalists
CUST01359,2025-06-16,106,5,3628.17,2,2,4,8,Potential Loyalists
CUST01360,2025-04-23,160,8,12310.69,1,3,5,9,Potential Loyalists
CUST01361,2025-09-25,5,1,805.77,5,1,2,8,Potential Loyalists
CUST01362,2025-07-12,80,4,2803.19,3,1,4,8,Potential Loyalists
CUST01363,2025-07-09,83,4,3031.55,3,1,4,8,Potential Loyalists
CUST01364,2025-05-05,148,1,1261.0,1,1,2,4,Lost Customers
CUST01365,2025-01-26,247,2,749.98,1,1,1,3,Lost Customers
CUST01366,2025-06-24,98,6,3862.08,2,2,4,8,Potential Loyalists
CUST01367,2025-08-05,56,1,363.62,3,1,1,5,Lost Customers
CUST01368,2024-11-26,308,1,498.64,1,1,1,3,Lost Customers
CUST01369,2025-09-06,24,1,477.43,4,1,1,6,At Risk
CUST01370,2025-04-22,161,3,3575.2599999999998,1,1,4,6,At Risk
CUST01371,2025-09-22,8,2,2334.49,5,1,3,9,Potential Loyalists
CUST01372,2025-07-21,71,1,366.8,3,1,1,5,Lost Customers
CUST01373,2025-08-16,45,1,291.54,4,1,1,6,At Risk
CUST01374,2025-07-04,88,1,282.0,2,1,1,4,Lost Customers
CUST01375,2025-07-28,64,3,2044.1399999999999,3,1,3,7,At Risk
CUST01376,2025-08-27,34,1,541.57,4,1,1,6,At Risk
CUST01377,2025-09-21,9,1,387.27,5,1,1,7,At Risk
CUST01378,2025-06-05,117,1,348.74,2,1,1,4,Lost Customers
CUST01379,2025-03-28,186,1,2392.34,1,1,3,5,Lost Customers
CUST01380,2025-08-17,44,5,2855.06,4,2,4,10,Loyal Customers
CUST01381,2025-09-28,2,8,5555.42,5,3,5,13,Champions
CUST01382,2025-09-26,4,3,1589.74,5,1,3,9,Potential Loyalists
CUST01383,2025-09-17,13,4,2106.63,5,1,3,9,Potential Loyalists
CUST01384,2025-05-08,145,6,7520.42,2,2,5,9,Potential Loyalists
CUST01385,2025-09-30,0,5,2613.37,5,2,4,11,Loyal Customers
CUST01386,2025-09-16,14,6,7173.83,5,2,5,12,Loyal Customers
CUST01387,2025-05-25,128,7,6963.04,2,2,5,9,Potential Loyalists
CUST01388,2025-07-22,70,2,3498.38,3,1,4,8,Potential Loyalists
CUST01389,2025-07-22,70,4,2967.57,3,1,4,8,Potential Loyalists
CUST01390,2025-09-21,9,4,3249.7799999999997,5,1,4,10,Loyal Customers
CUST01391,2025-06-28,94,3,3715.46,2,1,4,7,At Risk
CUST01392,2025-09-14,16,1,1415.53,5,1,2,8,Potential Loyalists
CUST01393,2025-07-07,85,4,2203.42,3,1,3,7,At Risk
CUST01394,2025-09-14,16,5,5665.21,5,2,5,12,Loyal Customers
CUST01395,2025-08-29,32,6,6043.93,4,2,5,11,Loyal Customers
CUST01396,2025-05-26,127,1,826.44,2,1,2,5,Lost Customers
CUST01397,2025-09-26,4,7,6176.97,5,2,5,12,Loyal Customers
CUST01398,2025-08-04,57,1,1672.19,3,1,3,7,At Risk
CUST01399,2025-09-11,19,7,4005.24,5,2,4,11,Loyal Customers
CUST01400,2025-05-19,134,2,863.9,2,1,2,5,Lost Customers
CUST01401,2025-07-17,75,2,1991.48,3,1,3,7,At Risk
CUST01402,2025-01-19,254,2,1474.48,1,1,2,4,Lost Customers
CUST01403,2024-11-05,329,4,2287.41,1,1,3,5,Lost Customers
CUST01404,2025-03-12,202,9,6788.52,1,3,5,9,Potential Loyalists
CUST01405,2025-05-13,140,3,2413.52,2,1,3,6,At Risk
CUST01406,2025-02-20,222,5,5888.31,1,2,5,8,Potential Loyalists
CUST01407,2025-05-14,139,3,1992.79,2,1,3,6,At Risk
CUST01408,2024-11-27,307,2,792.08,1,1,2,4,Lost Customers
CUST01409,2025-09-04,26,5,3035.77,4,2,4,10,Loyal Customers
CUST01410,2025-05-07,146,8,6063.07,2,3,5,10,Loyal Customers
CUST01411,2025-03-31,183,5,3777.5,1,2,4,7,At Risk
CUST01412,2025-07-01,91,1,348.68,2,1,1,4,Lost Customers
CUST01413,2025-02-08,234,1,623.43,1,1,1,3,Lost Customers
CUST01414,2025-08-31,30,4,2862.6,4,1,4,9,Potential Loyalists
CUST01415,2025-09-21,9,1,509.5,5,1,1,7,At Risk
CUST01416,2025-08-11,50,6,4155.25,3,2,5,10,Loyal Customers
CUST01417,2025-05-04,149,7,3650.18,1,2,4,7,At Risk
CUST01418,2025-04-07,176,2,1190.06,1,1,2,4,Lost Customers
CUST01419,2025-08-20,41,3,2210.94,4,1,3,8,Potential Loyalists
CUST01420,2025-07-25,67,4,4338.21,3,1,5,9,Potential Loyalists
CUST01421,2025-08-15,46,1,1155.37,4,1,2,7,At Risk
CUST01422,2025-08-03,58,4,2154.09,3,1,3,7,At Risk
CUST01423,2025-08-20,41,2,840.3499999999999,4,1,2,7,At Risk
CUST01424,2025-06-29,93,1,2318.97,2,1,3,6,At Risk
CUST01425,2025-08-13,48,1,1148.76,3,1,2,6,At Risk
CUST01426,2025-09-06,24,1,872.32,4,1,2,7,At Risk
CUST01427,2025-09-25,5,7,4513.07,5,2,5,12,Loyal Customers
CUST01428,2025-08-10,51,1,888.61,3,1,2,6,At Risk
CUST01429,2025-08-08,53,6,4315.58,3,2,5,10,Loyal Customers
CUST01430,2025-09-25,5,3,2362.84,5,1,3,9,Potential Loyalists
CUST01431,2025-09-18,12,2,2482.59,5,1,3,9,Potential Loyalists
CUST01432,2025-06-20,102,3,1075.54,2,1,2,5,Lost Customers
CUST01433,2025-06-14,108,4,2386.67,2,1,3,6,At Risk
CUST01434,2025-09-25,5,6,2875.38,5,2,4,11,Loyal Customers
CUST01435,2025-03-28,186,1,2210.82,1,1,3,5,Lost Customers
CUST01436,2025-09-10,20,2,2235.76,5,1,3,9,Potential Loyalists
CUST01437,2025-01-27,246,5,4720.65,1,2,5,8,Potential Loyalists
CUST01438,2025-04-26,157,2,2087.95,1,1,3,5,Lost Customers
CUST01439,2025-09-30,0,8,8418.470000000001,5,3,5,13,Champions
CUST01440,2025-09-24,6,6,7345.46,5,2,5,12,Loyal Customers
CUST01441,2024-11-12,322,1,472.82,1,1,1,3,Lost Customers
CUST01442,2025-06-17,105,4,3545.52,2,1,4,7,At Risk
CUST01443,2025-09-10,20,6,5784.09,5,2,5,12,Loyal Customers
CUST01444,2025-08-29,32,2,1096.85,4,1,2,7,At Risk
CUST01445,2025-06-07,115,10,6651.53,2,3,5,10,Loyal Customers
CUST01446,2025-05-21,132,3,2796.4,2,1,4,7,At Risk
CUST01447,2025-09-12,18,4,2901.61,5,1,4,10,Loyal Customers
CUST01448,2025-02-09,233,2,1268.95,1,1,2,4,Lost Customers
CUST01449,2025-09-27,3,2,874.09,5,1,2,8,Potential Loyalists
CUST01450,2025-05-27,126,6,3188.3,2,2,4,8,Potential Loyalists
CUST01451,2025-08-27,34,2,2411.76,4,1,3,8,Potential Loyalists
CUST01452,2025-06-06,116,4,5779.52,2,1,5,8,Potential Loyalists
CUST01453,2025-07-10,82,4,4084.96,3,1,5,9,Potential Loyalists
CUST01454,2025-07-22,70,3,2311.4700000000003,3,1,3,7,At Risk
CUST01455,2024-10-30,335,3,1376.1200000000001,1,1,2,4,Lost Customers
CUST01456,2025-09-13,17,1,1158.71,5,1,2,8,Potential Loyalists
CUST01457,2025-01-25,248,4,4798.75,1,1,5,7,At Risk
CUST01458,2025-08-09,52,1,1462.88,3,1,2,6,At Risk
CUST01459,2025-07-24,68,6,4817.95,3,2,5,10,Loyal Customers
CUST01460,2025-05-25,128,4,2187.99,2,1,3,6,At Risk
CUST01461,2025-06-15,107,3,1996.1999999999998,2,1,3,6,At Risk
CUST01462,2025-07-12,80,2,635.48,3,1,1,5,Lost Customers
CUST01463,2024-10-09,356,2,987.71,1,1,2,4,Lost Customers
CUST01464,2025-08-19,42,2,1743.4,4,1,3,8,Potential Loyalists
CUST01465,2025-09-20,10,2,670.57,5,1,1,7,At Risk
CUST01466,2025-08-05,56,4,2864.6,3,1,4,8,Potential Loyalists
CUST01467,2025-07-03,89,2,649.13,2,1,1,4,Lost Customers
CUST01468,2025-04-17,166,1,1034.31,1,1,2,4,Lost Customers
CUST01469,2025-08-17,44,1,1313.43,4,1,2,7,At Risk
CUST01470,2025-02-01,241,4,2987.34,1,1,4,6,At Risk
CUST01471,2025-07-15,77,6,3471.86,3,2,4,9,Potential Loyalists
CUST01472,2025-09-30,0,8,4686.9800000000005,5,3,5,13,Champions
CUST01473,2025-08-13,48,4,2917.27,3,1,4,8,Potential Loyalists
CUST01474,2025-07-31,61,2,959.29,3,1,2,6,At Risk
CUST01475,2025-06-08,114,1,650.36,2,1,1,4,Lost Customers
CUST01476,2025-05-26,127,3,1923.93,2,1,3,6,At Risk
CUST01477,2025-08-06,55,5,3440.74,3,2,4,9,Potential Loyalists
CUST01478,2025-08-21,40,5,5291.51,4,2,5,11,Loyal Customers
CUST01479,2025-08-19,42,4,1777.74,4,1,3,8,Potential Loyalists
CUST01480,2024-10-18,347,1,682.11,1,1,1,3,Lost Customers
CUST01481,2025-05-31,122,4,3016.96,2,1,4,7,At Risk
CUST01482,2025-04-25,158,5,5965.95,1,2,5,8,Potential Loyalists
CUST01483,2025-09-23,7,8,3817.9,5,3,4,12,Loyal Customers
CUST01484,2025-06-11,111,3,1606.77,2,1,3,6,At Risk
CUST01485,2025-07-23,69,3,2973.96,3,1,4,8,Potential Loyalists
CUST01486,2025-08-13,48,1,770.52,3,1,1,5,Lost Customers
CUST01487,2025-02-10,232,5,2548.9700000000003,1,2,3,6,At Risk
CUST01488,2025-08-28,33,6,2851.24,4,2,4,10,Loyal Customers
CUST01489,2025-08-20,41,5,5689.93,4,2,5,11,Loyal Customers
CUST01490,2025-05-31,122,7,5285.2,2,2,5,9,Potential Loyalists
CUST01491,2025-07-05,87,4,4053.23,2,1,5,8,Potential Loyalists
CUST01492,2025-07-30,62,4,5478.3,3,1,5,9,Potential Loyalists
CUST01493,2025-09-20,10,2,807.4499999999999,5,1,2,8,Potential Loyalists
CUST01494,2025-01-08,265,4,1888.54,1,1,3,5,Lost Customers
CUST01495,2025-07-03,89,6,3722.74,2,2,4,8,Potential Loyalists
CUST01496,2025-09-14,16,1,662.11,5,1,1,7,At Risk
CUST01497,2025-08-26,35,5,3393.85,4,2,4,10,Loyal Customers
CUST01498,2025-09-18,12,5,3640.46,5,2,4,11,Loyal Customers
CUST01499,2025-05-20,133,5,4317.6,2,2,5,9,Potential Loyalists
CUST01500,2025-06-27,95,4,3285.09,2,1,4,7,At Risk
CUST01501,2025-07-26,66,2,646.4300000000001,3,1,1,5,Lost Customers
CUST01502,2025-07-12,80,2,1331.42,3,1,2,6,At Risk
CUST01503,2025-07-02,90,4,2509.01,2,1,3,6,At Risk
CUST01504,2025-05-01,152,3,1436.96,1,1,2,4,Lost Customers
CUST01505,2025-07-28,64,1,608.83,3,1,1,5,Lost Customers
CUST01506,2025-05-13,140,4,2676.48,2,1,4,7,At Risk
CUST01507,2025-05-28,125,5,4142.6,2,2,5,9,Potential Loyalists
CUST01508,2025-09-27,3,1,845.65,5,1,2,8,Potential Loyalists
CUST01509,2025-09-24,6,4,2604.54,5,1,4,10,Loyal Customers
CUST01510,2025-05-21,132,2,1667.1,2,1,3,6,At Risk
CUST01511,2025-07-04,88,4,2601.14,2,1,4,7,At Risk
CUST01512,2025-08-18,43,7,6822.51,4,2,5,11,Loyal Customers
CUST01513,2025-05-22,131,1,1062.28,2,1,2,5,Lost Customers
CUST01514,2025-07-10,82,3,1466.5,3,1,2,6,At Risk
CUST01515,2025-06-26,96,6,5632.79,2,2,5,9,Potential Loyalists
CUST01516,2025-04-11,172,1,421.68,1,1,1,3,Lost Customers
CUST01517,2025-07-05,87,4,1921.46,2,1,3,6,At Risk
CUST01518,2024-06-02,485,1,569.86,1,1,1,3,Lost Customers
CUST01519,2025-06-17,105,4,3686.74,2,1,4,7,At Risk
CUST01520,2025-09-11,19,1,333.93,5,1,1,7,At Risk
CUST01521,2025-09-20,10,2,1070.1399999999999,5,1,2,8,Potential Loyalists
CUST01522,2025-07-24,68,1,882.29,3,1,2,6,At Risk
CUST01523,2025-09-15,15,4,3702.2799999999997,5,1,4,10,Loyal Customers
CUST01524,2025-09-11,19,1,2078.4,5,1,3,9,Potential Loyalists
CUST01525,2025-08-05,56,4,2175.72,3,1,3,7,At Risk
CUST01526,2025-09-21,9,4,3305.24,5,1,4,10,Loyal Customers
CUST01527,2024-11-08,326,3,2802.84,1,1,4,6,At Risk
CUST01528,2025-06-17,105,1,424.84,2,1,1,4,Lost Customers
CUST01529,2025-03-20,194,1,1455.91,1,1,2,4,Lost Customers
CUST01530,2025-04-01,182,5,4146.860000000001,1,2,5,8,Potential Loyalists
CUST01531,2025-02-20,222,2,1077.94,1,1,2,4,Lost Customers
CUST01532,2025-04-24,159,6,2788.44,1,2,4,7,At Risk
CUST01533,2025-04-16,167,1,697.43,1,1,1,3,Lost Customers
CUST01534,2025-09-08,22,1,416.32,4,1,1,6,At Risk
CUST01535,2025-09-22,8,8,3627.45,5,3,4,12,Loyal Customers
CUST01536,2025-09-23,7,1,1059.82,5,1,2,8,Potential Loyalists
CUST01537,2025-05-30,123,1,355.81,2,1,1,4,Lost Customers
CUST01538,2025-07-12,80,1,346.25,3,1,1,5,Lost Customers
CUST01539,2025-04-25,158,1,643.65,1,1,1,3,Lost Customers
CUST01540,2025-03-19,195,3,2546.85,1,1,3,5,Lost Customers
CUST01541,2025-07-28,64,1,626.47,3,1,1,5,Lost Customers
CUST01542,2025-09-26,4,1,382.91,5,1,1,7,At Risk
CUST01543,2025-05-22,131,1,1270.64,2,1,2,5,Lost Customers
CUST01544,2025-06-09,113,9,5640.23,2,3,5,10,Loyal Customers
CUST01545,2025-06-16,106,2,1091.81,2,1,2,5,Lost Customers
CUST01546,2025-09-08,22,5,2407.6499999999996,4,2,3,9,Potential Loyalists
CUST01547,2025-06-23,99,9,7802.05,2,3,5,10,Loyal Customers
CUST01548,2025-08-12,49,6,3110.35,3,2,4,9,Potential Loyalists
CUST01549,2025-04-16,167,3,3126.75,1,1,4,6,At Risk
CUST01550,2025-06-13,109,4,1841.6,2,1,3,6,At Risk
CUST01551,2025-07-23,69,1,674.67,3,1,1,5,Lost Customers
CUST01552,2025-06-14,108,5,2594.91,2,2,4,8,Potential Loyalists
CUST01553,2025-04-30,153,1,381.8,1,1,1,3,Lost Customers
CUST01554,2025-07-17,75,4,3977.0899999999997,3,1,4,8,Potential Loyalists
CUST01555,2025-08-31,30,1,329.17,4,1,1,6,At Risk
CUST01556,2025-08-24,37,3,1996.78,4,1,3,8,Potential Loyalists
CUST01557,2025-08-20,41,3,1524.72,4,1,2,7,At Risk
CUST01558,2025-03-04,210,3,2406.87,1,1,3,5,Lost Customers
CUST01559,2025-06-29,93,8,5817.8,2,3,5,10,Loyal Customers
CUST01560,2025-09-22,8,3,1682.37,5,1,3,9,Potential Loyalists
CUST01561,2025-04-30,153,1,567.89,1,1,1,3,Lost Customers
CUST01562,2025-08-10,51,2,1271.3,3,1,2,6,At Risk
CUST01563,2025-09-10,20,2,1279.74,5,1,2,8,Potential Loyalists
CUST01564,2025-02-06,236,2,1155.5900000000001,1,1,2,4,Lost Customers
CUST01565,2025-08-20,41,3,2690.33,4,1,4,9,Potential Loyalists
CUST01566,2025-09-25,5,1,486.05,5,1,1,7,At Risk
CUST01567,2024-10-20,345,2,1423.0500000000002,1,1,2,4,Lost Customers
CUST01568,2025-04-05,178,2,1002.8800000000001,1,1,2,4,Lost Customers
CUST01569,2025-07-11,81,3,3115.0,3,1,4,8,Potential Loyalists
CUST01570,2025-05-09,144,2,551.3299999999999,2,1,1,4,Lost Customers
CUST01571,2025-01-20,253,5,4663.12,1,2,5,8,Potential Loyalists
CUST01572,2025-02-15,227,1,1048.29,1,1,2,4,Lost Customers
CUST01573,2025-07-14,78,5,4071.61,3,2,5,10,Loyal Customers
CUST01574,2025-04-22,161,3,2673.15,1,1,4,6,At Risk
CUST01575,2025-04-18,165,3,4439.9800000000005,1,1,5,7,At Risk
CUST01576,2025-07-10,82,2,2235.15,3,1,3,7,At Risk
CUST01577,2025-06-15,107,1,343.71,2,1,1,4,Lost Customers
CUST01578,2025-09-20,10,1,1222.13,5,1,2,8,Potential Loyalists
CUST01579,2025-08-16,45,8,6050.82,4,3,5,12,Loyal Customers
CUST01580,2025-09-12,18,2,912.24,5,1,2,8,Potential Loyalists
CUST01581,2025-09-08,22,11,8927.9,4,4,5,13,Champions
CUST01582,2025-08-03,58,7,4264.93,3,2,5,10,Loyal Customers
CUST01583,2025-01-12,261,3,1979.92,1,1,3,5,Lost Customers
CUST01584,2025-09-30,0,5,10650.07,5,2,5,12,Loyal Customers
CUST01585,2025-09-07,23,1,327.29,4,1,1,6,At Risk
CUST01586,2025-09-05,25,1,788.8,4,1,2,7,At Risk
CUST01587,2025-05-24,129,5,3345.9300000000003,2,2,4,8,Potential Loyalists
CUST01588,2025-05-08,145,4,3378.07,2,1,4,7,At Risk
CUST01589,2025-05-06,147,2,883.23,2,1,2,5,Lost Customers
CUST01590,2025-05-24,129,2,1250.94,2,1,2,5,Lost Customers
CUST01591,2025-05-17,136,3,2829.57,2,1,4,7,At Risk
CUST01592,2025-06-05,117,1,500.86,2,1,1,4,Lost Customers
CUST01593,2025-08-31,30,1,675.24,4,1,1,6,At Risk
CUST01594,2025-08-18,43,4,2625.18,4,1,4,9,Potential Loyalists
CUST01595,2025-08-02,59,3,1640.96,3,1,3,7,At Risk
CUST01596,2025-08-01,60,5,3906.69,3,2,4,9,Potential Loyalists
CUST01597,2025-08-21,40,6,3297.58,4,2,4,10,Loyal Customers
CUST01598,2025-07-24,68,3,1366.15,3,1,2,6,At Risk
CUST01599,2025-07-10,82,3,1748.0800000000002,3,1,3,7,At Risk
CUST01600,2025-09-30,0,1,657.78,5,1,1,7,At Risk
CUST01601,2025-08-12,49,6,6158.02,3,2,5,10,Loyal Customers
CUST01602,2025-09-08,22,3,1334.5700000000002,4,1,2,7,At Risk
CUST01603,2025-04-17,166,4,2882.1099999999997,1,1,4,6,At Risk
CUST01604,2025-08-12,49,6,2549.4,3,2,3,8,Potential Loyalists
CUST01605,2025-09-10,20,1,1057.43,5,1,2,8,Potential Loyalists
CUST01606,2025-04-03,180,1,282.09,1,1,1,3,Lost Customers
CUST01607,2025-04-28,155,1,1515.3,1,1,2,4,Lost Customers
CUST01608,2025-09-04,26,1,501.47,4,1,1,6,At Risk
CUST01609,2025-07-23,69,3,1380.23,3,1,2,6,At Risk
CUST01610,2025-07-23,69,4,2593.45,3,1,4,8,Potential Loyalists
CUST01611,2025-09-02,28,6,3039.58,4,2,4,10,Loyal Customers
CUST01612,2024-12-21,283,1,725.09,1,1,1,3,Lost Customers
CUST01613,2025-01-18,255,2,1983.37,1,1,3,5,Lost Customers
CUST01614,2025-06-19,103,9,5758.2,2,3,5,10,Loyal Customers
CUST01615,2025-09-29,1,3,1862.39,5,1,3,9,Potential Loyalists
CUST01616,2025-04-23,160,6,4472.110000000001,1,2,5,8,Potential Loyalists
CUST01617,2025-07-21,71,4,3694.23,3,1,4,8,Potential Loyalists
CUST01618,2025-07-08,84,6,4011.61,3,2,4,9,Potential Loyalists
CUST01619,2025-09-28,2,3,1148.84,5,1,2,8,Potential Loyalists
CUST01620,2025-09-26,4,6,3750.7,5,2,4,11,Loyal Customers
CUST01621,2025-09-04,26,7,4465.24,4,2,5,11,Loyal Customers
CUST01622,2025-09-15,15,7,3807.67,5,2,4,11,Loyal Customers
CUST01623,2024-10-06,359,2,1834.9099999999999,1,1,3,5,Lost Customers
CUST01624,2025-07-17,75,4,2439.45,3,1,3,7,At Risk
CUST01625,2025-09-20,10,3,1125.83,5,1,2,8,Potential Loyalists
CUST01626,2025-09-02,28,4,2267.6099999999997,4,1,3,8,Potential Loyalists
CUST01627,2024-12-09,295,4,2804.23,1,1,4,6,At Risk
CUST01628,2025-04-03,180,3,1760.35,1,1,3,5,Lost Customers
CUST01629,2025-07-11,81,2,1120.0,3,1,2,6,At Risk
CUST01630,2025-09-11,19,8,7630.67,5,3,5,13,Champions
CUST01631,2025-09-28,2,6,4758.7699999999995,5,2,5,12,Loyal Customers
CUST01632,2025-09-24,6,1,1472.62,5,1,2,8,Potential Loyalists
CUST01633,2025-08-06,55,3,1093.75,3,1,2,6,At Risk
CUST01634,2025-08-21,40,1,668.05,4,1,1,6,At Risk
CUST01635,2025-08-19,42,5,3802.4,4,2,4,10,Loyal Customers
CUST01636,2025-09-14,16,1,310.14,5,1,1,7,At Risk
CUST01637,2025-09-01,29,10,6494.71,4,3,5,12,Loyal Customers
CUST01638,2025-08-30,31,5,3624.0,4,2,4,10,Loyal Customers
CUST01639,2025-04-17,166,2,2292.2200000000003,1,1,3,5,Lost Customers
CUST01640,2025-06-17,105,1,464.57,2,1,1,4,Lost Customers
CUST01641,2025-06-21,101,4,2914.92,2,1,4,7,At Risk
CUST01642,2025-09-26,4,5,4472.83,5,2,5,12,Loyal Customers
CUST01643,2025-04-01,182,5,3485.7299999999996,1,2,4,7,At Risk
CUST01644,2025-06-04,118,8,5024.66,2,3,5,10,Loyal Customers
CUST01645,2025-07-18,74,4,3081.21,3,1,4,8,Potential Loyalists
CUST01646,2025-07-26,66,7,3917.38,3,2,4,9,Potential Loyalists
CUST01647,2025-09-20,10,6,5675.4,5,2,5,12,Loyal Customers
CUST01648,2025-05-03,150,1,540.77,1,1,1,3,Lost Customers
CUST01649,2025-01-30,243,1,376.88,1,1,1,3,Lost Customers
CUST01650,2025-06-20,102,1,1797.67,2,1,3,6,At Risk
CUST01651,2025-07-05,87,3,2543.79,2,1,3,6,At Risk
CUST01652,2025-08-21,40,6,3702.64,4,2,4,10,Loyal Customers
CUST01653,2025-07-05,87,3,2168.75,2,1,3,6,At Risk
CUST01654,2025-06-23,99,1,1073.19,2,1,2,5,Lost Customers
CUST01655,2025-09-17,13,8,7066.74,5,3,5,13,Champions
CUST01656,2025-09-21,9,6,3506.88,5,2,4,11,Loyal Customers
CUST01657,2024-11-06,328,1,149.0,1,1,1,3,Lost Customers
CUST01658,2025-08-05,56,8,7356.57,3,3,5,11,Loyal Customers
CUST01659,2025-06-24,98,2,1400.5700000000002,2,1,2,5,Lost Customers
CUST01660,2025-09-24,6,8,8061.9,5,3,5,13,Champions
CUST01661,2025-04-29,154,2,826.76,1,1,2,4,Lost Customers
CUST01662,2025-08-28,33,3,2215.29,4,1,3,8,Potential Loyalists
CUST01663,2025-09-08,22,5,3881.61,4,2,4,10,Loyal Customers
CUST01664,2025-07-17,75,3,2080.54,3,1,3,7,At Risk
CUST01665,2025-07-17,75,1,335.28,3,1,1,5,Lost Customers
CUST01666,2024-11-16,318,5,4392.38,1,2,5,8,Potential Loyalists
CUST01667,2025-05-17,136,2,1307.77,2,1,2,5,Lost Customers
CUST01668,2025-06-16,106,8,5325.84,2,3,5,10,Loyal Customers
CUST01669,2025-05-10,143,2,1801.98,2,1,3,6,At Risk
CUST01670,2025-09-11,19,2,2472.29,5,1,3,9,Potential Loyalists
CUST01671,2025-07-13,79,5,4824.19,3,2,5,10,Loyal Customers
CUST01672,2025-09-01,29,5,2937.06,4,2,4,10,Loyal Customers
CUST01673,2025-09-06,24,1,489.02,4,1,1,6,At Risk
CUST01674,2025-06-06,116,4,1864.1999999999998,2,1,3,6,At Risk
CUST01675,2025-05-21,132,2,1309.95,2,1,2,5,Lost Customers
CUST01676,2025-05-20,133,3,1460.8000000000002,2,1,2,5,Lost Customers
CUST01677,2025-09-13,17,6,3597.0699999999997,5,2,4,11,Loyal Customers
CUST01678,2025-08-11,50,6,3935.61,3,2,4,9,Potential Loyalists
CUST01679,2025-09-01,29,4,2798.27,4,1,4,9,Potential Loyalists
CUST01680,2025-08-25,36,1,2660.5,4,1,4,9,Potential Loyalists
CUST01681,2025-08-08,53,4,3363.76,3,1,4,8,Potential Loyalists
CUST01682,2025-02-15,227,5,1999.79,1,2,3,6,At Risk
CUST01683,2025-09-04,26,4,4532.08,4,1,5,10,Loyal Customers
CUST01684,2025-07-29,63,3,3554.1800000000003,3,1,4,8,Potential Loyalists
CUST01685,2024-12-26,278,6,3081.38,1,2,4,7,At Risk
CUST01686,2025-05-15,138,1,699.98,2,1,1,4,Lost Customers
CUST01687,2025-07-11,81,5,2765.61,3,2,4,9,Potential Loyalists
CUST01688,2025-05-23,130,4,4056.68,2,1,5,8,Potential Loyalists
CUST01689,2025-07-30,62,4,2918.12,3,1,4,8,Potential Loyalists
CUST01690,2025-07-22,70,4,3930.82,3,1,4,8,Potential Loyalists
CUST01691,2025-07-03,89,1,591.46,2,1,1,4,Lost Customers
CUST01692,2025-04-07,176,7,4276.32,1,2,5,8,Potential Loyalists
CUST01693,2025-08-28,33,1,483.01,4,1,1,6,At Risk
CUST01694,2025-08-23,38,1,759.46,4,1,1,6,At Risk
CUST01695,2025-07-20,72,4,1763.04,3,1,3,7,At Risk
CUST01696,2025-05-26,127,2,1047.8,2,1,2,5,Lost Customers
CUST01697,2025-07-30,62,3,2717.38,3,1,4,8,Potential Loyalists
CUST01698,2025-07-24,68,8,7824.55,3,3,5,11,Loyal Customers
CUST01699,2025-01-31,242,6,3095.45,1,2,4,7,At Risk
CUST01700,2025-09-24,6,3,2536.5,5,1,3,9,Potential Loyalists
CUST01701,2025-09-16,14,1,388.29,5,1,1,7,At Risk
CUST01702,2025-03-05,209,3,2444.42,1,1,3,5,Lost Customers
CUST01703,2025-09-23,7,2,2037.6100000000001,5,1,3,9,Potential Loyalists
CUST01704,2025-08-14,47,1,926.37,3,1,2,6,At Risk
CUST01705,2025-09-01,29,3,1829.77,4,1,3,8,Potential Loyalists
CUST01706,2025-09-24,6,6,3962.25,5,2,4,11,Loyal Customers
CUST01707,2025-09-28,2,2,1446.76,5,1,2,8,Potential Loyalists
CUST01708,2025-09-25,5,3,1319.75,5,1,2,8,Potential Loyalists
CUST01709,2025-04-26,157,3,1524.54,1,1,2,4,Lost Customers
CUST01710,2025-08-03,58,3,1236.27,3,1,2,6,At Risk
CUST01711,2025-06-12,110,4,2242.31,2,1,3,6,At Risk
CUST01712,2025-09-05,25,1,828.82,4,1,2,7,At Risk
CUST01713,2025-08-20,41,7,5539.05,4,2,5,11,Loyal Customers
CUST01714,2025-05-21,132,8,7387.29,2,3,5,10,Loyal Customers
CUST01715,2025-06-01,121,4,2342.73,2,1,3,6,At Risk
CUST01716,2025-08-30,31,3,2688.8500000000004,4,1,4,9,Potential Loyalists
CUST01717,2025-05-28,125,5,5726.24,2,2,5,9,Potential Loyalists
CUST01718,2025-05-20,133,12,6556.120000000001,2,4,5,11,Loyal Customers
CUST01719,2025-05-05,148,4,2725.06,1,1,4,6,At Risk
CUST01720,2025-09-17,13,3,1236.77,5,1,2,8,Potential Loyalists
CUST01721,2025-08-23,38,1,617.29,4,1,1,6,At Risk
CUST01722,2025-08-02,59,1,359.06,3,1,1,5,Lost Customers
CUST01723,2025-09-14,16,6,7673.5,5,2,5,12,Loyal Customers
CUST01724,2025-08-22,39,2,1680.71,4,1,3,8,Potential Loyalists
CUST01725,2025-08-17,44,1,632.03,4,1,1,6,At Risk
CUST01726,2025-09-07,23,1,1507.03,4,1,2,7,At Risk
CUST01727,2025-09-29,1,4,1657.76,5,1,3,9,Potential Loyalists
CUST01728,2025-09-20,10,2,1236.25,5,1,2,8,Potential Loyalists
CUST01729,2025-09-22,8,2,2079.31,5,1,3,9,Potential Loyalists
CUST01730,2025-06-02,120,7,5329.4400000000005,2,2,5,9,Potential Loyalists
CUST01731,2025-06-20,102,4,2888.49,2,1,4,7,At Risk
CUST01732,2025-09-21,9,7,7979.33,5,2,5,12,Loyal Customers
CUST01733,2025-06-30,92,4,2532.24,2,1,3,6,At Risk
CUST01734,2025-04-23,160,5,5871.23,1,2,5,8,Potential Loyalists
CUST01735,2025-07-31,61,2,1287.08,3,1,2,6,At Risk
CUST01736,2025-09-17,13,4,2197.62,5,1,3,9,Potential Loyalists
CUST01737,2025-09-04,26,1,512.92,4,1,1,6,At Risk
CUST01738,2025-08-22,39,4,2851.85,4,1,4,9,Potential Loyalists
CUST01739,2025-07-17,75,1,349.72,3,1,1,5,Lost Customers
CUST01740,2025-09-08,22,1,717.61,4,1,1,6,At Risk
CUST01741,2025-09-01,29,7,6413.37,4,2,5,11,Loyal Customers
CUST01742,2025-05-23,130,6,3970.62,2,2,4,8,Potential Loyalists
CUST01743,2025-07-02,90,3,1294.36,2,1,2,5,Lost Customers
CUST01744,2025-06-11,111,1,1021.08,2,1,2,5,Lost Customers
CUST01745,2025-03-10,204,2,806.46,1,1,2,4,Lost Customers
CUST01746,2025-02-03,239,4,2960.62,1,1,4,6,At Risk
CUST01747,2025-09-06,24,1,1498.03,4,1,2,7,At Risk
CUST01748,2025-08-25,36,1,150.03,4,1,1,6,At Risk
CUST01749,2025-03-24,190,2,1709.8200000000002,1,1,3,5,Lost Customers
CUST01750,2025-05-16,137,1,556.93,2,1,1,4,Lost Customers
CUST01751,2025-07-31,61,1,332.52,3,1,1,5,Lost Customers
CUST01752,2025-04-12,171,1,516.34,1,1,1,3,Lost Customers
CUST01753,2025-08-18,43,2,912.8100000000001,4,1,2,7,At Risk
CUST01754,2025-09-17,13,2,806.9000000000001,5,1,2,8,Potential Loyalists
CUST01755,2025-05-01,152,6,3652.4,1,2,4,7,At Risk
CUST01756,2025-07-02,90,7,6859.41,2,2,5,9,Potential Loyalists
CUST01757,2025-04-16,167,2,1856.03,1,1,3,5,Lost Customers
CUST01758,2025-07-14,78,1,411.88,3,1,1,5,Lost Customers
CUST01759,2025-07-03,89,2,1973.57,2,1,3,6,At Risk
CUST01760,2025-07-23,69,7,5472.3099999999995,3,2,5,10,Loyal Customers
CUST01761,2025-07-03,89,11,7359.26,2,4,5,11,Loyal Customers
CUST01762,2025-07-26,66,8,5954.5,3,3,5,11,Loyal Customers
CUST01763,2025-09-22,8,1,705.53,5,1,1,7,At Risk
CUST01764,2025-08-16,45,3,1471.8400000000001,4,1,2,7,At Risk
CUST01765,2025-01-08,265,2,1739.8,1,1,3,5,Lost Customers
CUST01766,2025-04-20,163,1,561.64,1,1,1,3,Lost Customers
CUST01767,2025-05-08,145,3,1605.14,2,1,3,6,At Risk
CUST01768,2025-06-21,101,7,5814.4400000000005,2,2,5,9,Potential Loyalists
CUST01769,2025-08-06,55,5,5381.57,3,2,5,10,Loyal Customers
CUST01770,2025-08-03,58,3,1327.79,3,1,2,6,At Risk
CUST01771,2025-08-03,58,4,2990.29,3,1,4,8,Potential Loyalists
CUST01772,2025-01-19,254,2,1751.38,1,1,3,5,Lost Customers
CUST01773,2025-03-18,196,5,4845.14,1,2,5,8,Potential Loyalists
CUST01774,2025-05-01,152,6,3826.09,1,2,4,7,At Risk
CUST01775,2025-08-12,49,2,1120.32,3,1,2,6,At Risk
CUST01776,2025-07-13,79,2,2686.35,3,1,4,8,Potential Loyalists
CUST01777,2025-04-16,167,5,3035.66,1,2,4,7,At Risk
CUST01778,2025-07-05,87,1,512.32,2,1,1,4,Lost Customers
CUST01779,2025-04-16,167,4,3408.21,1,1,4,6,At Risk
CUST01780,2025-09-25,5,3,2803.73,5,1,4,10,Loyal Customers
CUST01781,2025-02-01,241,1,1360.78,1,1,2,4,Lost Customers
CUST01782,2025-05-16,137,7,4334.56,2,2,5,9,Potential Loyalists
CUST01783,2025-09-09,21,4,2577.89,4,1,4,9,Potential Loyalists
CUST01784,2025-07-25,67,3,2180.12,3,1,3,7,At Risk
CUST01785,2025-09-16,14,1,982.58,5,1,2,8,Potential Loyalists
CUST01786,2025-09-07,23,6,3745.53,4,2,4,10,Loyal Customers
CUST01787,2025-07-17,75,1,1770.53,3,1,3,7,At Risk
CUST01788,2025-08-07,54,5,3455.7,3,2,4,9,Potential Loyalists
CUST01789,2025-08-09,52,1,341.52,3,1,1,5,Lost Customers
CUST01790,2025-08-21,40,3,1750.7,4,1,3,8,Potential Loyalists
CUST01791,2025-07-10,82,2,516.61,3,1,1,5,Lost Customers
CUST01792,2025-08-25,36,1,821.29,4,1,2,7,At Risk
CUST01793,2025-08-13,48,4,5185.16,3,1,5,9,Potential Loyalists
CUST01794,2025-09-04,26,2,1843.9,4,1,3,8,Potential Loyalists
CUST01795,2025-07-03,89,1,1266.99,2,1,2,5,Lost Customers
CUST01796,2025-08-28,33,1,500.81,4,1,1,6,At Risk
CUST01797,2025-06-05,117,1,1593.85,2,1,3,6,At Risk
CUST01798,2025-06-19,103,4,3577.66,2,1,4,7,At Risk
CUST01799,2025-07-18,74,1,659.32,3,1,1,5,Lost Customers
CUST01800,2025-05-31,122,1,507.22,2,1,1,4,Lost Customers
CUST01801,2025-09-06,24,1,371.61,4,1,1,6,At Risk
CUST01802,2025-05-14,139,3,1461.8,2,1,2,5,Lost Customers
CUST01803,2025-06-18,104,3,2088.76,2,1,3,6,At Risk
CUST01804,2025-04-06,177,3,1552.45,1,1,3,5,Lost Customers
CUST01805,2025-08-24,37,1,433.16,4,1,1,6,At Risk
CUST01806,2025-08-11,50,1,411.72,3,1,1,5,Lost Customers
CUST01807,2025-07-18,74,3,3341.2,3,1,4,8,Potential Loyalists
CUST01808,2025-09-13,17,6,3618.0299999999997,5,2,4,11,Loyal Customers
CUST01809,2025-08-16,45,7,7139.78,4,2,5,11,Loyal Customers
CUST01810,2025-09-02,28,1,381.71,4,1,1,6,At Risk
CUST01811,2025-07-23,69,4,3016.58,3,1,4,8,Potential Loyalists
CUST01812,2025-09-05,25,4,2569.42,4,1,4,9,Potential Loyalists
CUST01813,2025-09-08,22,5,3758.42,4,2,4,10,Loyal Customers
CUST01814,2025-08-18,43,1,579.84,4,1,1,6,At Risk
CUST01815,2025-09-26,4,1,762.94,5,1,1,7,At Risk
CUST01816,2025-03-25,189,1,507.79,1,1,1,3,Lost Customers
CUST01817,2025-05-06,147,7,5667.97,2,2,5,9,Potential Loyalists
CUST01818,2025-04-15,168,5,3080.04,1,2,4,7,At Risk
CUST01819,2025-07-10,82,2,1750.5700000000002,3,1,3,7,At Risk
CUST01820,2025-09-24,6,10,6699.02,5,3,5,13,Champions
CUST01821,2025-08-20,41,5,3708.96,4,2,4,10,Loyal Customers
CUST01822,2025-08-11,50,2,2116.75,3,1,3,7,At Risk
CUST01823,2025-08-29,32,4,3657.11,4,1,4,9,Potential Loyalists
CUST01824,2025-03-13,201,5,5499.38,1,2,5,8,Potential Loyalists
CUST01825,2025-09-14,16,1,561.93,5,1,1,7,At Risk
CUST01826,2025-08-04,57,5,3208.37,3,2,4,9,Potential Loyalists
CUST01827,2025-09-25,5,2,1217.56,5,1,2,8,Potential Loyalists
CUST01828,2025-05-31,122,3,1876.83,2,1,3,6,At Risk
CUST01829,2025-06-21,101,7,4605.35,2,2,5,9,Potential Loyalists
CUST01830,2025-09-03,27,4,2433.02,4,1,3,8,Potential Loyalists
CUST01831,2025-09-19,11,1,448.22,5,1,1,7,At Risk
CUST01832,2025-06-27,95,5,5038.610000000001,2,2,5,9,Potential Loyalists
CUST01833,2025-09-03,27,7,4261.32,4,2,5,11,Loyal Customers
CUST01834,2025-09-28,2,1,715.74,5,1,1,7,At Risk
CUST01835,2025-05-21,132,1,710.25,2,1,1,4,Lost Customers
CUST01836,2025-05-28,125,6,3567.04,2,2,4,8,Potential Loyalists
CUST01837,2025-07-16,76,1,441.28,3,1,1,5,Lost Customers
CUST01838,2025-07-28,64,2,775.96,3,1,2,6,At Risk
CUST01839,2025-09-30,0,3,1378.5,5,1,2,8,Potential Loyalists
CUST01840,2025-06-21,101,3,1327.8,2,1,2,5,Lost Customers
CUST01841,2025-09-16,14,5,3198.59,5,2,4,11,Loyal Customers
CUST01842,2025-04-22,161,1,1332.91,1,1,2,4,Lost Customers
CUST01843,2025-09-05,25,2,2693.71,4,1,4,9,Potential Loyalists
CUST01844,2025-05-28,125,7,4849.78,2,2,5,9,Potential Loyalists
CUST01845,2025-04-19,164,1,545.67,1,1,1,3,Lost Customers
CUST01846,2025-07-16,76,7,4758.75,3,2,5,10,Loyal Customers
CUST01847,2025-09-14,16,1,1293.93,5,1,2,8,Potential Loyalists
CUST01848,2025-09-29,1,5,5180.32,5,2,5,12,Loyal Customers
CUST01849,2025-08-27,34,1,385.85,4,1,1,6,At Risk
CUST01850,2025-09-02,28,3,1714.05,4,1,3,8,Potential Loyalists
CUST01851,2024-10-10,355,1,289.22,1,1,1,3,Lost Customers
CUST01852,2025-08-13,48,1,572.93,3,1,1,5,Lost Customers
CUST01853,2025-04-30,153,6,3611.41,1,2,4,7,At Risk
CUST01854,2025-05-03,150,2,1301.87,1,1,2,4,Lost Customers
CUST01855,2025-07-20,72,3,2387.65,3,1,3,7,At Risk
CUST01856,2025-03-03,211,3,1379.79,1,1,2,4,Lost Customers
CUST01857,2025-07-18,74,9,5573.32,3,3,5,11,Loyal Customers
CUST01858,2025-09-10,20,1,522.62,5,1,1,7,At Risk
CUST01859,2025-09-15,15,2,1262.4,5,1,2,8,Potential Loyalists
CUST01860,2025-09-29,1,2,914.9300000000001,5,1,2,8,Potential Loyalists
CUST01861,2025-09-29,1,3,2676.62,5,1,4,10,Loyal Customers
CUST01862,2025-09-21,9,3,3486.8,5,1,4,10,Loyal Customers
CUST01863,2025-03-26,188,1,530.13,1,1,1,3,Lost Customers
CUST01864,2025-02-21,221,1,519.75,1,1,1,3,Lost Customers
CUST01865,2025-08-01,60,3,1867.7600000000002,3,1,3,7,At Risk
CUST01866,2025-07-22,70,1,510.52,3,1,1,5,Lost Customers
CUST01867,2025-09-19,11,1,663.94,5,1,1,7,At Risk
CUST01868,2025-07-12,80,3,26057.29,3,1,5,9,Potential Loyalists
CUST01869,2025-08-09,52,8,5254.78,3,3,5,11,Loyal Customers
CUST01870,2025-07-01,91,4,4178.4,2,1,5,8,Potential Loyalists
CUST01871,2025-06-22,100,1,1448.69,2,1,2,5,Lost Customers
CUST01872,2025-08-20,41,7,4856.42,4,2,5,11,Loyal Customers
CUST01873,2025-09-21,9,5,2655.24,5,2,4,11,Loyal Customers
CUST01874,2025-08-30,31,1,663.19,4,1,1,6,At Risk
CUST01875,2025-07-18,74,7,3162.7799999999997,3,2,4,9,Potential Loyalists
CUST01876,2025-05-10,143,5,4129.84,2,2,5,9,Potential Loyalists
CUST01877,2025-08-16,45,3,2789.21,4,1,4,9,Potential Loyalists
CUST01878,2025-09-08,22,1,314.15,4,1,1,6,At Risk
CUST01879,2025-09-06,24,1,709.74,4,1,1,6,At Risk
CUST01880,2025-02-11,231,4,1569.8400000000001,1,1,3,5,Lost Customers
CUST01881,2025-09-22,8,5,3112.58,5,2,4,11,Loyal Customers
CUST01882,2025-02-23,219,2,965.8,1,1,2,4,Lost Customers
CUST01883,2025-09-25,5,4,2831.88,5,1,4,10,Loyal Customers
CUST01884,2025-02-08,234,3,2372.63,1,1,3,5,Lost Customers
CUST01885,2025-09-24,6,5,3303.2799999999997,5,2,4,11,Loyal Customers
CUST01886,2025-07-14,78,2,948.26,3,1,2,6,At Risk
CUST01887,2025-05-27,126,6,3354.62,2,2,4,8,Potential Loyalists
CUST01888,2025-09-03,27,6,3310.32,4,2,4,10,Loyal Customers
CUST01889,2025-07-21,71,2,1553.42,3,1,3,7,At Risk
CUST01890,2025-02-16,226,1,416.76,1,1,1,3,Lost Customers
CUST01891,2025-02-25,217,2,3614.49,1,1,4,6,At Risk
CUST01892,2025-08-22,39,1,547.55,4,1,1,6,At Risk
CUST01893,2025-08-11,50,3,2530.01,3,1,3,7,At Risk
CUST01894,2025-03-19,195,4,3166.55,1,1,4,6,At Risk
CUST01895,2024-11-05,329,1,1344.42,1,1,2,4,Lost Customers
CUST01896,2025-07-22,70,1,177.86,3,1,1,5,Lost Customers
CUST01897,2025-09-02,28,6,4619.71,4,2,5,11,Loyal Customers
CUST01898,2025-02-24,218,1,829.18,1,1,2,4,Lost Customers
CUST01899,2025-08-08,53,2,1576.16,3,1,3,7,At Risk
CUST01900,2025-07-17,75,7,5287.41,3,2,5,10,Loyal Customers
CUST01901,2025-04-20,163,3,2344.37,1,1,3,5,Lost Customers
CUST01902,2025-08-08,53,2,549.9300000000001,3,1,1,5,Lost Customers
CUST01903,2025-09-10,20,8,5239.29,5,3,5,13,Champions
CUST01904,2025-08-22,39,3,2969.4300000000003,4,1,4,9,Potential Loyalists
CUST01905,2025-09-28,2,3,2083.6400000000003,5,1,3,9,Potential Loyalists
CUST01906,2025-07-11,81,1,555.37,3,1,1,5,Lost Customers
CUST01907,2025-08-29,32,5,3168.6099999999997,4,2,4,10,Loyal Customers
CUST01908,2025-02-26,216,3,1025.52,1,1,2,4,Lost Customers
CUST01909,2025-08-24,37,1,825.7,4,1,2,7,At Risk
CUST01910,2025-05-23,130,5,2642.55,2,2,4,8,Potential Loyalists
CUST01911,2025-08-21,40,8,5924.11,4,3,5,12,Loyal Customers
CUST01912,2025-08-18,43,4,1992.5,4,1,3,8,Potential Loyalists
CUST01913,2025-07-14,78,1,422.52,3,1,1,5,Lost Customers
CUST01914,2025-07-09,83,6,5482.889999999999,3,2,5,10,Loyal Customers
CUST01915,2024-12-31,273,4,3357.25,1,1,4,6,At Risk
CUST01916,2025-09-20,10,2,934.02,5,1,2,8,Potential Loyalists
CUST01917,2025-03-18,196,2,1593.3,1,1,3,5,Lost Customers
CUST01918,2025-04-13,170,4,3621.08,1,1,4,6,At Risk
CUST01919,2025-08-21,40,1,328.12,4,1,1,6,At Risk
CUST01920,2025-02-27,215,4,2814.54,1,1,4,6,At Risk
CUST01921,2025-07-17,75,4,2532.17,3,1,3,7,At Risk
CUST01922,2025-08-31,30,3,2918.16,4,1,4,9,Potential Loyalists
CUST01923,2025-05-07,146,3,1359.38,2,1,2,5,Lost Customers
CUST01924,2025-07-31,61,1,371.86,3,1,1,5,Lost Customers
CUST01925,2025-09-18,12,1,448.97,5,1,1,7,At Risk
CUST01926,2025-05-23,130,1,449.37,2,1,1,4,Lost Customers
CUST01927,2025-04-20,163,3,3362.8999999999996,1,1,4,6,At Risk
CUST01928,2025-09-24,6,3,1788.02,5,1,3,9,Potential Loyalists
CUST01929,2025-04-20,163,2,735.4100000000001,1,1,1,3,Lost Customers
CUST01930,2025-09-11,19,2,1131.9099999999999,5,1,2,8,Potential Loyalists
CUST01931,2025-09-20,10,2,975.78,5,1,2,8,Potential Loyalists
CUST01932,2025-09-18,12,1,1359.13,5,1,2,8,Potential Loyalists
CUST01933,2025-08-22,39,6,3230.78,4,2,4,10,Loyal Customers
CUST01934,2025-08-28,33,1,585.58,4,1,1,6,At Risk
CUST01935,2025-08-09,52,1,308.98,3,1,1,5,Lost Customers
CUST01936,2025-08-27,34,1,300.34,4,1,1,6,At Risk
CUST01937,2025-06-02,120,1,383.33,2,1,1,4,Lost Customers
CUST01938,2025-08-16,45,4,1866.8,4,1,3,8,Potential Loyalists
CUST01939,2025-08-27,34,4,3249.84,4,1,4,9,Potential Loyalists
CUST01940,2025-09-22,8,7,6388.84,5,2,5,12,Loyal Customers
CUST01941,2025-08-14,47,9,5847.1900000000005,3,3,5,11,Loyal Customers
CUST01942,2025-01-24,249,1,523.56,1,1,1,3,Lost Customers
CUST01943,2025-08-09,52,4,4844.02,3,1,5,9,Potential Loyalists
CUST01944,2025-09-17,13,7,5245.9800000000005,5,2,5,12,Loyal Customers
CUST01945,2025-06-04,118,1,554.68,2,1,1,4,Lost Customers
CUST01946,2025-06-04,118,3,1522.71,2,1,2,5,Lost Customers
CUST01947,2025-05-30,123,7,4832.0599999999995,2,2,5,9,Potential Loyalists
CUST01948,2025-04-13,170,2,1170.93,1,1,2,4,Lost Customers
CUST01949,2025-05-17,136,8,9603.31,2,3,5,10,Loyal Customers
CUST01950,2025-05-17,136,3,1395.9099999999999,2,1,2,5,Lost Customers
CUST01951,2025-05-28,125,4,2559.6099999999997,2,1,3,6,At Risk
CUST01952,2024-11-21,313,2,922.6,1,1,2,4,Lost Customers
CUST01953,2025-04-07,176,1,886.28,1,1,2,4,Lost Customers
CUST01954,2025-08-11,50,10,7300.599999999999,3,3,5,11,Loyal Customers
CUST01955,2025-09-05,25,7,2957.63,4,2,4,10,Loyal Customers
CUST01956,2025-07-14,78,1,301.98,3,1,1,5,Lost Customers
CUST01957,2025-03-04,210,3,2989.2,1,1,4,6,At Risk
CUST01958,2025-06-09,113,7,3390.38,2,2,4,8,Potential Loyalists
CUST01959,2025-09-21,9,1,676.52,5,1,1,7,At Risk
CUST01960,2025-09-05,25,1,1173.93,4,1,2,7,At Risk
CUST01961,2025-07-13,79,4,3056.04,3,1,4,8,Potential Loyalists
CUST01962,2025-05-11,142,8,5467.6900000000005,2,3,5,10,Loyal Customers
CUST01963,2025-06-09,113,1,827.54,2,1,2,5,Lost Customers
CUST01964,2025-09-15,15,1,848.15,5,1,2,8,Potential Loyalists
CUST01965,2025-03-18,196,2,1060.55,1,1,2,4,Lost Customers
CUST01966,2025-08-12,49,6,5099.78,3,2,5,10,Loyal Customers
CUST01967,2025-09-02,28,4,1574.64,4,1,3,8,Potential Loyalists
CUST01968,2025-08-02,59,1,1323.58,3,1,2,6,At Risk
CUST01969,2025-07-12,80,2,1641.0,3,1,3,7,At Risk
CUST01970,2025-07-08,84,3,1898.37,3,1,3,7,At Risk
CUST01971,2025-09-20,10,2,2559.3999999999996,5,1,3,9,Potential Loyalists
CUST01972,2025-09-26,4,9,4551.23,5,3,5,13,Champions
CUST01973,2025-07-03,89,3,2694.88,2,1,4,7,At Risk
CUST01974,2025-08-07,54,5,2533.77,3,2,3,8,Potential Loyalists
CUST01975,2025-08-04,57,5,3442.37,3,2,4,9,Potential Loyalists
CUST01976,2025-06-22,100,5,4264.75,2,2,5,9,Potential Loyalists
CUST01977,2025-07-24,68,2,1844.12,3,1,3,7,At Risk
CUST01978,2025-04-27,156,7,6034.36,1,2,5,8,Potential Loyalists
CUST01979,2025-07-31,61,1,669.46,3,1,1,5,Lost Customers
CUST01980,2025-09-29,1,8,7551.46,5,3,5,13,Champions
CUST01981,2025-07-08,84,4,4730.360000000001,3,1,5,9,Potential Loyalists
CUST01982,2025-08-25,36,7,4060.75,4,2,5,11,Loyal Customers
CUST01983,2025-07-25,67,3,1024.8700000000001,3,1,2,6,At Risk
CUST01984,2025-09-09,21,8,4659.86,4,3,5,12,Loyal Customers
CUST01985,2025-07-17,75,1,1983.49,3,1,3,7,At Risk
CUST01986,2025-09-25,5,5,5637.98,5,2,5,12,Loyal Customers
CUST01987,2025-05-26,127,1,299.78,2,1,1,4,Lost Customers
CUST01988,2025-08-09,52,1,824.71,3,1,2,6,At Risk
CUST01989,2025-07-22,70,3,1255.63,3,1,2,6,At Risk
CUST01990,2025-08-02,59,4,3877.7699999999995,3,1,4,8,Potential Loyalists
CUST01991,2025-07-27,65,7,5405.02,3,2,5,10,Loyal Customers
CUST01992,2025-08-11,50,1,1412.07,3,1,2,6,At Risk
CUST01993,2025-09-07,23,6,3224.71,4,2,4,10,Loyal Customers
CUST01994,2025-07-09,83,6,4371.35,3,2,5,10,Loyal Customers
CUST01995,2025-05-09,144,5,2602.16,2,2,4,8,Potential Loyalists
CUST01996,2025-03-08,206,2,1407.45,1,1,2,4,Lost Customers
CUST01997,2025-09-07,23,2,2544.7,4,1,3,8,Potential Loyalists
CUST01998,2025-09-24,6,7,8151.54,5,2,5,12,Loyal Customers
CUST01999,2025-07-22,70,2,762.25,3,1,1,5,Lost Customers
CUST02000,2025-06-26,96,10,4734.83,2,3,5,10,Loyal Customers
CUST02001,2025-09-25,5,1,519.52,5,1,1,7,At Risk
CUST02002,2025-09-03,27,6,5905.59,4,2,5,11,Loyal Customers
CUST02003,2025-04-14,169,2,1381.48,1,1,2,4,Lost Customers
CUST02004,2025-09-29,1,1,1164.15,5,1,2,8,Potential Loyalists
CUST02005,2025-09-23,7,5,2573.5,5,2,4,11,Loyal Customers
CUST02006,2025-06-23,99,1,1872.67,2,1,3,6,At Risk
CUST02007,2025-05-01,152,6,5058.75,1,2,5,8,Potential Loyalists
CUST02008,2025-02-14,228,4,4601.66,1,1,5,7,At Risk
CUST02009,2025-08-30,31,4,3434.0099999999998,4,1,4,9,Potential Loyalists
CUST02010,2025-06-25,97,2,3814.95,2,1,4,7,At Risk
CUST02011,2025-05-23,130,4,4620.1,2,1,5,8,Potential Loyalists
CUST02012,2025-09-26,4,1,397.31,5,1,1,7,At Risk
CUST02013,2025-09-11,19,1,496.68,5,1,1,7,At Risk
CUST02014,2025-08-22,39,1,585.15,4,1,1,6,At Risk
CUST02015,2025-03-02,212,4,5003.34,1,1,5,7,At Risk
CUST02016,2025-09-15,15,1,359.18,5,1,1,7,At Risk
CUST02017,2025-07-15,77,2,1871.94,3,1,3,7,At Risk
CUST02018,2025-08-15,46,1,873.21,4,1,2,7,At Risk
CUST02019,2025-08-06,55,7,4765.56,3,2,5,10,Loyal Customers
CUST02020,2025-08-31,30,3,2876.52,4,1,4,9,Potential Loyalists
CUST02021,2025-09-21,9,4,3437.71,5,1,4,10,Loyal Customers
CUST02022,2025-08-17,44,1,329.75,4,1,1,6,At Risk
CUST02023,2025-08-17,44,1,888.97,4,1,2,7,At Risk
CUST02024,2025-09-29,1,10,6196.01,5,3,5,13,Champions
CUST02025,2025-08-17,44,5,4736.54,4,2,5,11,Loyal Customers
CUST02026,2025-08-27,34,5,4265.33,4,2,5,11,Loyal Customers
CUST02027,2025-09-18,12,3,2947.52,5,1,4,10,Loyal Customers
CUST02028,2025-05-26,127,2,1517.08,2,1,2,5,Lost Customers
CUST02029,2025-07-12,80,3,1502.72,3,1,2,6,At Risk
CUST02030,2025-09-23,7,5,2940.72,5,2,4,11,Loyal Customers
CUST02031,2025-04-16,167,2,734.56,1,1,1,3,Lost Customers
CUST02032,2024-10-23,342,2,1046.18,1,1,2,4,Lost Customers
CUST02033,2025-06-10,112,4,2919.45,2,1,4,7,At Risk
CUST02034,2025-09-17,13,1,568.26,5,1,1,7,At Risk
CUST02035,2025-06-29,93,3,2201.39,2,1,3,6,At Risk
CUST02036,2025-08-23,38,8,5443.38,4,3,5,12,Loyal Customers
CUST02037,2025-09-29,1,2,1131.94,5,1,2,8,Potential Loyalists
CUST02038,2025-01-11,262,3,1941.74,1,1,3,5,Lost Customers
CUST02039,2025-04-23,160,3,1806.76,1,1,3,5,Lost Customers
CUST02040,2025-09-29,1,1,686.12,5,1,1,7,At Risk
CUST02041,2025-09-15,15,5,6809.49,5,2,5,12,Loyal Customers
CUST02042,2025-07-24,68,4,2102.49,3,1,3,7,At Risk
CUST02043,2025-09-20,10,1,429.28,5,1,1,7,At Risk
CUST02044,2025-09-30,0,7,5404.4400000000005,5,2,5,12,Loyal Customers
CUST02045,2025-06-30,92,1,626.4,2,1,1,4,Lost Customers
CUST02046,2024-12-22,282,6,4967.95,1,2,5,8,Potential Loyalists
CUST02047,2025-07-31,61,7,6827.32,3,2,5,10,Loyal Customers
CUST02048,2025-03-27,187,1,683.23,1,1,1,3,Lost Customers
CUST02049,2025-07-11,81,6,3627.55,3,2,4,9,Potential Loyalists
CUST02050,2025-09-15,15,2,985.3000000000001,5,1,2,8,Potential Loyalists
CUST02051,2025-07-07,85,3,2953.97,3,1,4,8,Potential Loyalists
CUST02052,2025-08-06,55,3,4211.0599999999995,3,1,5,9,Potential Loyalists
CUST02053,2025-07-31,61,2,1075.67,3,1,2,6,At Risk
CUST02054,2025-09-01,29,7,7547.42,4,2,5,11,Loyal Customers
CUST02055,2025-07-19,73,6,3391.84,3,2,4,9,Potential Loyalists
CUST02056,2025-03-19,195,2,1281.97,1,1,2,4,Lost Customers
CUST02057,2025-09-27,3,2,1878.1,5,1,3,9,Potential Loyalists
CUST02058,2025-09-18,12,1,1013.35,5,1,2,8,Potential Loyalists
CUST02059,2025-08-08,53,3,2449.99,3,1,3,7,At Risk
CUST02060,2025-09-07,23,2,1331.01,4,1,2,7,At Risk
CUST02061,2025-06-20,102,5,3294.69,2,2,4,8,Potential Loyalists
CUST02062,2025-04-22,161,4,3844.48,1,1,4,6,At Risk
CUST02063,2025-08-23,38,4,1973.4899999999998,4,1,3,8,Potential Loyalists
CUST02064,2025-07-23,69,3,2866.45,3,1,4,8,Potential Loyalists
CUST02065,2025-04-11,172,5,3492.37,1,2,4,7,At Risk
CUST02066,2025-08-13,48,1,656.93,3,1,1,5,Lost Customers
CUST02067,2025-08-06,55,7,8726.75,3,2,5,10,Loyal Customers
CUST02068,2025-09-23,7,2,1629.56,5,1,3,9,Potential Loyalists
CUST02069,2024-11-19,315,1,791.45,1,1,2,4,Lost Customers
CUST02070,2025-07-12,80,1,557.51,3,1,1,5,Lost Customers
CUST02071,2025-09-13,17,1,887.16,5,1,2,8,Potential Loyalists
CUST02072,2025-08-26,35,11,7176.07,4,4,5,13,Champions
CUST02073,2025-08-27,34,1,462.53,4,1,1,6,At Risk
CUST02074,2025-08-25,36,1,1003.93,4,1,2,7,At Risk
CUST02075,2025-01-02,271,5,2192.94,1,2,3,6,At Risk
CUST02076,2025-03-01,213,4,3480.34,1,1,4,6,At Risk
CUST02077,2025-07-14,78,5,2528.43,3,2,3,8,Potential Loyalists
CUST02078,2025-09-01,29,8,3814.58,4,3,4,11,Loyal Customers
CUST02079,2025-09-11,19,7,4373.8099999999995,5,2,5,12,Loyal Customers
CUST02080,2025-04-05,178,3,2768.41,1,1,4,6,At Risk
CUST02081,2025-04-17,166,9,5848.4400000000005,1,3,5,9,Potential Loyalists
CUST02082,2025-05-29,124,2,1444.5700000000002,2,1,2,5,Lost Customers
CUST02083,2025-09-02,28,2,1606.4,4,1,3,8,Potential Loyalists
CUST02084,2025-04-18,165,1,481.85,1,1,1,3,Lost Customers
CUST02085,2025-09-27,3,1,682.7,5,1,1,7,At Risk
CUST02086,2025-08-21,40,2,1886.35,4,1,3,8,Potential Loyalists
CUST02087,2025-09-16,14,1,479.82,5,1,1,7,At Risk
CUST02088,2025-08-20,41,3,1761.31,4,1,3,8,Potential Loyalists
CUST02089,2025-09-10,20,1,542.75,5,1,1,7,At Risk
CUST02090,2025-07-12,80,2,852.76,3,1,2,6,At Risk
CUST02091,2025-09-11,19,1,872.98,5,1,2,8,Potential Loyalists
CUST02092,2025-04-09,174,3,2595.52,1,1,4,6,At Risk
CUST02093,2025-09-19,11,2,1202.49,5,1,2,8,Potential Loyalists
CUST02094,2025-06-26,96,2,1171.49,2,1,2,5,Lost Customers
CUST02095,2025-04-20,163,2,1605.26,1,1,3,5,Lost Customers
CUST02096,2025-09-25,5,3,2926.04,5,1,4,10,Loyal Customers
CUST02097,2025-08-02,59,4,2180.25,3,1,3,7,At Risk
CUST02098,2025-02-19,223,1,558.72,1,1,1,3,Lost Customers
CUST02099,2025-06-15,107,3,2275.89,2,1,3,6,At Risk
CUST02100,2025-09-07,23,8,4274.82,4,3,5,12,Loyal Customers
CUST02101,2025-09-12,18,7,4502.69,5,2,5,12,Loyal Customers
CUST02102,2025-09-13,17,6,3780.56,5,2,4,11,Loyal Customers
CUST02103,2025-08-17,44,2,1052.31,4,1,2,7,At Risk
CUST02104,2025-09-26,4,1,679.74,5,1,1,7,At Risk
CUST02105,2025-09-15,15,4,2058.2,5,1,3,9,Potential Loyalists
CUST02106,2025-08-15,46,8,20239.78,4,3,5,12,Loyal Customers
CUST02107,2025-07-02,90,5,3080.15,2,2,4,8,Potential Loyalists
CUST02108,2025-09-21,9,3,2025.15,5,1,3,9,Potential Loyalists
CUST02109,2025-09-09,21,5,3747.13,4,2,4,10,Loyal Customers
CUST02110,2025-09-04,26,2,1374.8200000000002,4,1,2,7,At Risk
CUST02111,2025-03-30,184,1,1404.22,1,1,2,4,Lost Customers
CUST02112,2024-10-30,335,3,1402.8600000000001,1,1,2,4,Lost Customers
CUST02113,2025-03-20,194,2,2358.37,1,1,3,5,Lost Customers
CUST02114,2025-06-11,111,2,587.4200000000001,2,1,1,4,Lost Customers
CUST02115,2024-12-27,277,1,483.57,1,1,1,3,Lost Customers
CUST02116,2025-05-02,151,2,1180.1399999999999,1,1,2,4,Lost Customers
CUST02117,2025-06-30,92,3,2584.4,2,1,4,7,At Risk
CUST02118,2025-06-29,93,7,5739.9800000000005,2,2,5,9,Potential Loyalists
CUST02119,2025-08-17,44,3,2881.38,4,1,4,9,Potential Loyalists
CUST02120,2025-08-20,41,8,4965.58,4,3,5,12,Loyal Customers
CUST02121,2025-09-07,23,1,467.21,4,1,1,6,At Risk
CUST02122,2025-01-29,244,1,863.7,1,1,2,4,Lost Customers
CUST02123,2025-06-14,108,1,448.88,2,1,1,4,Lost Customers
CUST02124,2025-08-21,40,2,995.22,4,1,2,7,At Risk
CUST02125,2025-05-13,140,1,321.85,2,1,1,4,Lost Customers
CUST02126,2025-03-08,206,1,698.21,1,1,1,3,Lost Customers
CUST02127,2025-03-04,210,1,1050.81,1,1,2,4,Lost Customers
CUST02128,2025-08-20,41,1,1406.44,4,1,2,7,At Risk
CUST02129,2025-07-02,90,1,787.79,2,1,2,5,Lost Customers
CUST02130,2025-07-08,84,3,1356.56,3,1,2,6,At Risk
CUST02131,2025-06-29,93,4,2614.58,2,1,4,7,At Risk
CUST02132,2025-09-30,0,1,585.94,5,1,1,7,At Risk
CUST02133,2025-08-28,33,4,3704.23,4,1,4,9,Potential Loyalists
CUST02134,2025-03-22,192,3,2486.55,1,1,3,5,Lost Customers
CUST02135,2025-07-26,66,1,1006.67,3,1,2,6,At Risk
CUST02136,2025-07-08,84,4,3776.61,3,1,4,8,Potential Loyalists
CUST02137,2025-08-14,47,3,3099.36,3,1,4,8,Potential Loyalists
CUST02138,2025-03-20,194,1,472.88,1,1,1,3,Lost Customers
CUST02139,2025-09-02,28,1,440.82,4,1,1,6,At Risk
CUST02140,2025-08-31,30,6,4288.45,4,2,5,11,Loyal Customers
CUST02141,2025-07-15,77,2,2337.84,3,1,3,7,At Risk
CUST02142,2025-07-13,79,1,1330.95,3,1,2,6,At Risk
CUST02143,2025-07-31,61,1,1023.26,3,1,2,6,At Risk
CUST02144,2025-04-10,173,2,1767.13,1,1,3,5,Lost Customers
CUST02145,2025-06-11,111,7,4813.139999999999,2,2,5,9,Potential Loyalists
CUST02146,2025-06-04,118,1,917.63,2,1,2,5,Lost Customers
CUST02147,2025-05-29,124,2,997.9000000000001,2,1,2,5,Lost Customers
CUST02148,2025-04-10,173,1,459.5,1,1,1,3,Lost Customers
CUST02149,2025-07-28,64,2,3065.5299999999997,3,1,4,8,Potential Loyalists
CUST02150,2025-01-28,245,4,2166.25,1,1,3,5,Lost Customers
CUST02151,2025-08-22,39,3,2519.29,4,1,3,8,Potential Loyalists
CUST02152,2025-06-13,109,4,2366.99,2,1,3,6,At Risk
CUST02153,2025-07-14,78,6,6234.7,3,2,5,10,Loyal Customers
CUST02154,2025-06-16,106,16,11777.27,2,5,5,12,Loyal Customers
CUST02155,2025-03-17,197,1,846.73,1,1,2,4,Lost Customers
CUST02156,2025-02-28,214,1,1705.47,1,1,3,5,Lost Customers
CUST02157,2025-08-13,48,1,736.31,3,1,1,5,Lost Customers
CUST02158,2025-06-21,101,8,4793.27,2,3,5,10,Loyal Customers
CUST02159,2025-09-21,9,3,1632.0,5,1,3,9,Potential Loyalists
CUST02160,2025-09-27,3,2,1098.67,5,1,2,8,Potential Loyalists
CUST02161,2025-04-30,153,3,2402.2799999999997,1,1,3,5,Lost Customers
CUST02162,2025-09-18,12,6,3338.24,5,2,4,11,Loyal Customers
CUST02163,2025-05-30,123,3,2010.3600000000001,2,1,3,6,At Risk
CUST02164,2025-08-13,48,1,644.0,3,1,1,5,Lost Customers
CUST02165,2025-08-22,39,2,667.69,4,1,1,6,At Risk
CUST02166,2025-09-10,20,1,1010.89,5,1,2,8,Potential Loyalists
CUST02167,2025-08-18,43,5,3963.67,4,2,4,10,Loyal Customers
CUST02168,2025-04-18,165,3,2219.25,1,1,3,5,Lost Customers
CUST02169,2025-06-28,94,4,3065.81,2,1,4,7,At Risk
CUST02170,2025-05-15,138,6,3749.08,2,2,4,8,Potential Loyalists
CUST02171,2025-06-02,120,1,1067.07,2,1,2,5,Lost Customers
CUST02172,2025-09-13,17,6,3942.03,5,2,4,11,Loyal Customers
CUST02173,2025-09-30,0,1,2057.25,5,1,3,9,Potential Loyalists
CUST02174,2025-05-14,139,7,3517.69,2,2,4,8,Potential Loyalists
CUST02175,2025-08-30,31,5,3584.25,4,2,4,10,Loyal Customers
CUST02176,2025-06-08,114,1,971.25,2,1,2,5,Lost Customers
CUST02177,2025-03-17,197,1,898.53,1,1,2,4,Lost Customers
CUST02178,2025-08-25,36,4,2493.7200000000003,4,1,3,8,Potential Loyalists
CUST02179,2025-09-16,14,1,475.85,5,1,1,7,At Risk
CUST02180,2025-05-31,122,3,2631.13,2,1,4,7,At Risk
CUST02181,2025-09-19,11,1,908.67,5,1,2,8,Potential Loyalists
CUST02182,2025-07-21,71,2,1385.9899999999998,3,1,2,6,At Risk
CUST02183,2025-08-10,51,2,2206.5,3,1,3,7,At Risk
CUST02184,2025-06-12,110,2,1434.1,2,1,2,5,Lost Customers
CUST02185,2025-03-04,210,6,2701.7200000000003,1,2,4,7,At Risk
CUST02186,2025-05-31,122,5,3170.84,2,2,4,8,Potential Loyalists
CUST02187,2025-02-25,217,1,1006.5,1,1,2,4,Lost Customers
CUST02188,2025-05-28,125,2,640.48,2,1,1,4,Lost Customers
CUST02189,2025-07-05,87,4,2813.7799999999997,2,1,4,7,At Risk
CUST02190,2025-06-21,101,4,2228.5,2,1,3,6,At Risk
CUST02191,2025-04-25,158,4,2674.4,1,1,4,6,At Risk
CUST02192,2025-09-21,9,1,911.64,5,1,2,8,Potential Loyalists
CUST02193,2025-09-12,18,1,395.16,5,1,1,7,At Risk
CUST02194,2025-07-25,67,5,7337.07,3,2,5,10,Loyal Customers
CUST02195,2025-06-03,119,8,4744.28,2,3,5,10,Loyal Customers
CUST02196,2025-04-08,175,1,605.92,1,1,1,3,Lost Customers
CUST02197,2025-09-09,21,1,362.15,4,1,1,6,At Risk
CUST02198,2025-06-26,96,3,3118.08,2,1,4,7,At Risk
CUST02199,2025-06-26,96,4,2638.62,2,1,4,7,At Risk
CUST02200,2025-09-27,3,3,1089.4,5,1,2,8,Potential Loyalists
CUST02201,2025-05-24,129,5,4412.26,2,2,5,9,Potential Loyalists
CUST02202,2025-09-28,2,6,3383.51,5,2,4,11,Loyal Customers
CUST02203,2025-08-09,52,3,1505.22,3,1,2,6,At Risk
CUST02204,2025-04-08,175,1,456.72,1,1,1,3,Lost Customers
CUST02205,2025-02-06,236,2,2473.31,1,1,3,5,Lost Customers
CUST02206,2024-12-26,278,2,1232.78,1,1,2,4,Lost Customers
CUST02207,2025-09-01,29,9,6120.55,4,3,5,12,Loyal Customers
CUST02208,2025-05-30,123,6,5051.27,2,2,5,9,Potential Loyalists
CUST02209,2025-09-08,22,4,1867.09,4,1,3,8,Potential Loyalists
CUST02210,2025-04-29,154,2,1718.96,1,1,3,5,Lost Customers
CUST02211,2025-09-25,5,5,3668.86,5,2,4,11,Loyal Customers
CUST02212,2025-08-09,52,1,619.75,3,1,1,5,Lost Customers
CUST02213,2025-08-18,43,3,1948.1499999999999,4,1,3,8,Potential Loyalists
CUST02214,2025-03-01,213,6,5751.179999999999,1,2,5,8,Potential Loyalists
CUST02215,2025-08-23,38,1,362.55,4,1,1,6,At Risk
CUST02216,2025-07-02,90,3,2218.09,2,1,3,6,At Risk
CUST02217,2025-08-19,42,1,586.15,4,1,1,6,At Risk
CUST02218,2025-09-04,26,5,3903.06,4,2,4,10,Loyal Customers
CUST02219,2025-08-22,39,1,484.4,4,1,1,6,At Risk
CUST02220,2025-07-22,70,1,366.62,3,1,1,5,Lost Customers
CUST02221,2025-08-27,34,1,682.97,4,1,1,6,At Risk
CUST02222,2025-06-30,92,1,836.55,2,1,2,5,Lost Customers
CUST02223,2025-09-20,10,1,764.96,5,1,1,7,At Risk
CUST02224,2025-03-17,197,3,1603.7,1,1,3,5,Lost Customers
CUST02225,2025-01-22,251,6,2353.84,1,2,3,6,At Risk
CUST02226,2025-08-12,49,10,7516.83,3,3,5,11,Loyal Customers
CUST02227,2025-09-02,28,4,2320.84,4,1,3,8,Potential Loyalists
CUST02228,2025-07-05,87,3,2870.67,2,1,4,7,At Risk
CUST02229,2025-07-17,75,4,3538.13,3,1,4,8,Potential Loyalists
CUST02230,2025-09-06,24,1,388.37,4,1,1,6,At Risk
CUST02231,2025-07-24,68,3,1511.08,3,1,2,6,At Risk
CUST02232,2025-09-30,0,1,327.98,5,1,1,7,At Risk
CUST02233,2025-06-28,94,1,515.82,2,1,1,4,Lost Customers
CUST02234,2025-04-14,169,1,880.11,1,1,2,4,Lost Customers
CUST02235,2025-08-09,52,1,221.66,3,1,1,5,Lost Customers
CUST02236,2025-05-08,145,2,1413.8899999999999,2,1,2,5,Lost Customers
CUST02237,2025-08-23,38,6,3565.76,4,2,4,10,Loyal Customers
CUST02238,2025-08-04,57,10,6304.62,3,3,5,11,Loyal Customers
CUST02239,2025-08-16,45,1,576.85,4,1,1,6,At Risk
CUST02240,2025-09-11,19,1,2577.76,5,1,4,10,Loyal Customers
CUST02241,2025-06-08,114,4,3532.06,2,1,4,7,At Risk
CUST02242,2025-05-23,130,3,2407.42,2,1,3,6,At Risk
CUST02243,2025-05-20,133,4,2923.57,2,1,4,7,At Risk
CUST02244,2025-09-25,5,4,2406.37,5,1,3,9,Potential Loyalists
CUST02245,2025-07-09,83,8,4970.59,3,3,5,11,Loyal Customers
CUST02246,2025-04-30,153,3,2005.87,1,1,3,5,Lost Customers
CUST02247,2025-08-06,55,1,533.22,3,1,1,5,Lost Customers
CUST02248,2025-06-29,93,1,1245.24,2,1,2,5,Lost Customers
CUST02249,2025-07-17,75,3,1584.17,3,1,3,7,At Risk
CUST02250,2025-09-15,15,6,3309.5,5,2,4,11,Loyal Customers
CUST02251,2025-04-01,182,2,1716.8,1,1,3,5,Lost Customers
CUST02252,2025-07-30,62,4,2123.62,3,1,3,7,At Risk
CUST02253,2025-07-25,67,7,5056.679999999999,3,2,5,10,Loyal Customers
CUST02254,2025-07-01,91,1,321.87,2,1,1,4,Lost Customers
CUST02255,2025-09-15,15,1,485.28,5,1,1,7,At Risk
CUST02256,2025-08-19,42,4,2003.71,4,1,3,8,Potential Loyalists
CUST02257,2025-08-01,60,5,4038.65,3,2,5,10,Loyal Customers
CUST02258,2025-03-16,198,4,2233.67,1,1,3,5,Lost Customers
CUST02259,2025-08-19,42,2,917.25,4,1,2,7,At Risk
CUST02260,2025-07-23,69,3,3309.0299999999997,3,1,4,8,Potential Loyalists
CUST02261,2025-08-06,55,4,3277.19,3,1,4,8,Potential Loyalists
CUST02262,2025-06-25,97,3,2320.9,2,1,3,6,At Risk
CUST02263,2025-06-04,118,1,385.7,2,1,1,4,Lost Customers
CUST02264,2025-08-16,45,3,2217.6800000000003,4,1,3,8,Potential Loyalists
CUST02265,2025-08-30,31,1,280.88,4,1,1,6,At Risk
CUST02266,2025-09-10,20,1,563.66,5,1,1,7,At Risk
CUST02267,2025-03-07,207,2,2539.23,1,1,3,5,Lost Customers
CUST02268,2025-04-16,167,2,1421.47,1,1,2,4,Lost Customers
CUST02269,2025-09-23,7,4,3854.66,5,1,4,10,Loyal Customers
CUST02270,2025-07-01,91,6,4121.46,2,2,5,9,Potential Loyalists
CUST02271,2025-06-03,119,2,1585.3500000000001,2,1,3,6,At Risk
CUST02272,2025-08-02,59,11,8117.28,3,4,5,12,Loyal Customers
CUST02273,2025-04-20,163,2,1263.48,1,1,2,4,Lost Customers
CUST02274,2025-07-22,70,2,897.32,3,1,2,6,At Risk
CUST02275,2025-09-09,21,4,1569.5,4,1,3,8,Potential Loyalists
CUST02276,2025-01-08,265,2,2509.86,1,1,3,5,Lost Customers
CUST02277,2025-02-24,218,2,3384.3,1,1,4,6,At Risk
CUST02278,2025-06-06,116,2,937.17,2,1,2,5,Lost Customers
CUST02279,2025-09-09,21,3,2624.92,4,1,4,9,Potential Loyalists
CUST02280,2025-05-08,145,1,1244.85,2,1,2,5,Lost Customers
CUST02281,2025-06-02,120,2,1698.6799999999998,2,1,3,6,At Risk
CUST02282,2025-09-23,7,1,300.59,5,1,1,7,At Risk
CUST02283,2025-05-21,132,4,1771.46,2,1,3,6,At Risk
CUST02284,2025-08-26,35,5,3144.28,4,2,4,10,Loyal Customers
CUST02285,2025-09-11,19,1,903.8,5,1,2,8,Potential Loyalists
CUST02286,2025-01-31,242,2,2310.76,1,1,3,5,Lost Customers
CUST02287,2025-06-22,100,7,7044.49,2,2,5,9,Potential Loyalists
CUST02288,2025-08-03,58,5,4722.57,3,2,5,10,Loyal Customers
CUST02289,2025-06-29,93,4,4308.88,2,1,5,8,Potential Loyalists
CUST02290,2025-07-16,76,5,5620.530000000001,3,2,5,10,Loyal Customers
CUST02291,2025-02-28,214,6,3936.09,1,2,4,7,At Risk
CUST02292,2025-09-26,4,4,2077.06,5,1,3,9,Potential Loyalists
CUST02293,2024-12-17,287,4,4413.400000000001,1,1,5,7,At Risk
CUST02294,2025-09-11,19,2,785.8399999999999,5,1,2,8,Potential Loyalists
CUST02295,2025-09-06,24,2,958.6199999999999,4,1,2,7,At Risk
CUST02296,2025-07-19,73,5,2333.01,3,2,3,8,Potential Loyalists
CUST02297,2025-09-03,27,1,389.45,4,1,1,6,At Risk
CUST02298,2025-06-22,100,6,4073.9900000000002,2,2,5,9,Potential Loyalists
CUST02299,2025-06-21,101,1,1062.37,2,1,2,5,Lost Customers
CUST02300,2025-06-18,104,3,3051.79,2,1,4,7,At Risk
CUST02301,2025-05-27,126,3,1446.59,2,1,2,5,Lost Customers
CUST02302,2025-07-13,79,3,1243.3400000000001,3,1,2,6,At Risk
CUST02303,2025-09-06,24,1,590.19,4,1,1,6,At Risk
CUST02304,2025-08-25,36,6,2964.84,4,2,4,10,Loyal Customers
CUST02305,2025-08-21,40,7,5250.78,4,2,5,11,Loyal Customers
CUST02306,2025-07-18,74,2,2087.3199999999997,3,1,3,7,At Risk
CUST02307,2025-09-06,24,2,1057.9,4,1,2,7,At Risk
CUST02308,2025-06-06,116,3,2021.26,2,1,3,6,At Risk
CUST02309,2024-03-17,562,1,359.12,1,1,1,3,Lost Customers
CUST02310,2025-09-05,25,5,3787.63,4,2,4,10,Loyal Customers
CUST02311,2025-03-14,200,6,2984.76,1,2,4,7,At Risk
CUST02312,2025-03-09,205,7,4727.71,1,2,5,8,Potential Loyalists
CUST02313,2025-04-12,171,1,583.08,1,1,1,3,Lost Customers
CUST02314,2025-09-30,0,1,443.94,5,1,1,7,At Risk
CUST02315,2025-08-22,39,8,5134.64,4,3,5,12,Loyal Customers
CUST02316,2025-09-13,17,1,552.35,5,1,1,7,At Risk
CUST02317,2025-09-29,1,7,6148.13,5,2,5,12,Loyal Customers
CUST02318,2025-07-07,85,1,514.56,3,1,1,5,Lost Customers
CUST02319,2025-08-25,36,1,1156.63,4,1,2,7,At Risk
CUST02320,2025-06-25,97,2,519.24,2,1,1,4,Lost Customers
CUST02321,2025-04-11,172,6,4633.05,1,2,5,8,Potential Loyalists
CUST02322,2025-08-23,38,4,3153.22,4,1,4,9,Potential Loyalists
CUST02323,2025-07-08,84,2,3391.66,3,1,4,8,Potential Loyalists
CUST02324,2025-04-05,178,3,2455.75,1,1,3,5,Lost Customers
CUST02325,2025-09-16,14,5,2255.7400000000002,5,2,3,10,Loyal Customers
CUST02326,2025-09-16,14,1,831.86,5,1,2,8,Potential Loyalists
CUST02327,2025-04-23,160,3,1354.68,1,1,2,4,Lost Customers
CUST02328,2025-09-17,13,1,639.75,5,1,1,7,At Risk
CUST02329,2025-07-02,90,5,4216.7699999999995,2,2,5,9,Potential Loyalists
CUST02330,2025-07-17,75,6,6079.95,3,2,5,10,Loyal Customers
CUST02331,2025-09-19,11,8,8892.78,5,3,5,13,Champions
CUST02332,2025-09-13,17,4,4620.94,5,1,5,11,Loyal Customers
CUST02333,2025-09-30,0,1,648.38,5,1,1,7,At Risk
CUST02334,2025-09-17,13,1,1812.0,5,1,3,9,Potential Loyalists
CUST02335,2025-08-21,40,4,2535.74,4,1,3,8,Potential Loyalists
CUST02336,2025-07-14,78,2,777.1700000000001,3,1,2,6,At Risk
CUST02337,2025-09-17,13,1,1911.28,5,1,3,9,Potential Loyalists
CUST02338,2025-08-30,31,2,1594.4499999999998,4,1,3,8,Potential Loyalists
CUST02339,2025-08-30,31,5,3093.07,4,2,4,10,Loyal Customers
CUST02340,2025-09-02,28,7,6261.87,4,2,5,11,Loyal Customers
CUST02341,2025-08-30,31,1,490.32,4,1,1,6,At Risk
CUST02342,2025-08-04,57,2,1718.3899999999999,3,1,3,7,At Risk
CUST02343,2025-09-06,24,1,1077.84,4,1,2,7,At Risk
CUST02344,2025-09-11,19,1,536.58,5,1,1,7,At Risk
CUST02345,2025-08-28,33,5,3378.75,4,2,4,10,Loyal Customers
CUST02346,2025-09-14,16,3,1415.13,5,1,2,8,Potential Loyalists
CUST02347,2025-06-30,92,1,1102.94,2,1,2,5,Lost Customers
CUST02348,2025-06-07,115,4,4886.8,2,1,5,8,Potential Loyalists
CUST02349,2025-08-07,54,3,1811.6,3,1,3,7,At Risk
CUST02350,2025-05-21,132,3,3619.51,2,1,4,7,At Risk
CUST02351,2025-02-03,239,1,1592.34,1,1,3,5,Lost Customers
CUST02352,2025-09-22,8,4,2251.45,5,1,3,9,Potential Loyalists
CUST02353,2025-05-03,150,5,3152.52,1,2,4,7,At Risk
CUST02354,2025-09-11,19,1,666.97,5,1,1,7,At Risk
CUST02355,2025-09-21,9,7,3620.0899999999997,5,2,4,11,Loyal Customers
CUST02356,2025-08-27,34,2,1160.46,4,1,2,7,At Risk
CUST02357,2025-08-31,30,8,7592.09,4,3,5,12,Loyal Customers
CUST02358,2025-07-20,72,3,2849.58,3,1,4,8,Potential Loyalists
CUST02359,2025-09-02,28,4,2631.74,4,1,4,9,Potential Loyalists
CUST02360,2025-08-22,39,2,830.9399999999999,4,1,2,7,At Risk
CUST02361,2025-08-18,43,1,430.86,4,1,1,6,At Risk
CUST02362,2025-09-10,20,2,2072.46,5,1,3,9,Potential Loyalists
CUST02363,2025-09-10,20,2,2190.38,5,1,3,9,Potential Loyalists
CUST02364,2025-04-30,153,2,1091.09,1,1,2,4,Lost Customers
CUST02365,2025-09-21,9,5,4018.01,5,2,4,11,Loyal Customers
CUST02366,2025-02-23,219,5,2837.05,1,2,4,7,At Risk
CUST02367,2025-07-22,70,4,2571.52,3,1,4,8,Potential Loyalists
CUST02368,2025-04-26,157,4,4203.85,1,1,5,7,At Risk
CUST02369,2025-09-08,22,1,377.41,4,1,1,6,At Risk
CUST02370,2025-09-09,21,3,1826.48,4,1,3,8,Potential Loyalists
CUST02371,2025-08-17,44,4,2578.0099999999998,4,1,4,9,Potential Loyalists
CUST02372,2025-09-07,23,5,2903.5299999999997,4,2,4,10,Loyal Customers
CUST02373,2025-09-23,7,3,2811.29,5,1,4,10,Loyal Customers
CUST02374,2025-07-12,80,1,158.59,3,1,1,5,Lost Customers
CUST02375,2025-07-11,81,1,530.02,3,1,1,5,Lost Customers
CUST02376,2025-09-26,4,3,2320.3599999999997,5,1,3,9,Potential Loyalists
CUST02377,2025-08-29,32,2,1996.9699999999998,4,1,3,8,Potential Loyalists
CUST02378,2025-09-28,2,2,1141.79,5,1,2,8,Potential Loyalists
CUST02379,2025-06-10,112,1,588.32,2,1,1,4,Lost Customers
CUST02380,2025-05-17,136,1,331.92,2,1,1,4,Lost Customers
CUST02381,2025-09-26,4,1,798.67,5,1,2,8,Potential Loyalists
CUST02382,2025-07-03,89,7,6958.09,2,2,5,9,Potential Loyalists
CUST02383,2025-06-14,108,4,1842.06,2,1,3,6,At Risk
CUST02384,2025-07-24,68,3,2259.81,3,1,3,7,At Risk
CUST02385,2025-09-03,27,1,873.79,4,1,2,7,At Risk
CUST02386,2025-09-30,0,2,1758.17,5,1,3,9,Potential Loyalists
CUST02387,2025-06-25,97,1,324.03,2,1,1,4,Lost Customers
CUST02388,2025-08-12,49,1,2614.56,3,1,4,8,Potential Loyalists
CUST02389,2025-05-28,125,4,1987.76,2,1,3,6,At Risk
CUST02390,2024-12-22,282,3,2336.76,1,1,3,5,Lost Customers
CUST02391,2025-08-09,52,1,767.26,3,1,1,5,Lost Customers
CUST02392,2025-06-26,96,3,1858.71,2,1,3,6,At Risk
CUST02393,2025-05-31,122,6,5816.6900000000005,2,2,5,9,Potential Loyalists
CUST02394,2025-08-23,38,5,4632.17,4,2,5,11,Loyal Customers
CUST02395,2024-10-01,364,4,1428.0,1,1,2,4,Lost Customers
CUST02396,2025-06-08,114,1,553.88,2,1,1,4,Lost Customers
CUST02397,2025-08-03,58,1,451.68,3,1,1,5,Lost Customers
CUST02398,2025-08-12,49,7,4117.02,3,2,5,10,Loyal Customers
CUST02399,2024-12-28,276,4,2579.22,1,1,4,6,At Risk
CUST02400,2025-06-12,110,2,1017.49,2,1,2,5,Lost Customers
